,ticker,close,strong,dd,fresh,r5,spy5,x5,r20,spy20,x20,r60,spy60,x60,r120,spy120,x120,r250,spy250,x250,worst60
2013-01-15,AAPL,17.3543,True,-0.31082041689997664,False,0.05780699884178575,0.01563881145032986,0.04216818739145589,-0.03891830843076349,0.03454137485551101,-0.0734596832862745,-0.1154929902099191,0.079757938396682,-0.1952509286066011,-0.13082636579983054,0.12279866730128508,-0.2536250331011156,0.10250485470459769,0.2353981097436595,-0.1328932550390618,-0.13771802953734802
2018-12-19,AAPL,40.2225,True,-0.3108750588940764,True,-0.029461122506059922,-0.012696012099020937,-0.016765110407038986,-0.025296786624401713,0.060495104672450895,-0.08579189129685261,0.15936354030704214,0.1239353657565867,0.03542817455045544,0.20672509167754383,0.15251134283212608,0.05421374884541774,0.7428677978743243,0.27186977632731035,0.470998021547014,-0.11740941015600714
2020-03-20,AAPL,57.31,True,-0.30077779472319666,True,0.08070144826382819,0.1076048951048949,-0.026903446841066714,0.20803524690280928,0.2307255244755244,-0.022690277572715134,0.5358576164718198,0.36783216783216766,0.1680254486396522,0.9802826731809455,0.45930944055944045,0.5209732326215051,1.1031233641598326,0.7110139860139859,0.3921093781458467,-0.07254405862851154
2018-10-19,ABBV,87.97,True,-0.3010487843635786,False,-0.08161873365920191,-0.039529411764705924,-0.04208932189449599,0.04046834148004996,-0.009122171945701307,0.04959051342575127,-0.00875298397180857,-0.048108597285068,0.03935561331325943,-0.07889053086279407,0.049665158371040796,-0.12855568923383487,-0.13084005911106067,0.07862443438914046,-0.20946449350020113,-0.11901784699329321
2020-03-23,ABBV,64.5,True,-0.34089515634580014,True,0.1665116279069767,0.17358152052029596,-0.007069892613319251,0.2458914728682171,0.22466920834267778,0.021222264525539325,0.4843410852713177,0.39789190401435315,0.08644918125696455,0.3906976744186046,0.4983628616281679,-0.1076651872095633,0.6034108527131783,0.7469387755102042,-0.14352792279702586,0.016279069767441756
2020-03-23,ABT,62.82,True,-0.3204975662520282,True,0.26297357529449217,0.17358152052029596,0.0893920547741962,0.497134670487106,0.22466920834267778,0.27246546214442824,0.4469914040114613,0.39789190401435315,0.049099499997108165,0.6666666666666667,0.4983628616281679,0.16830380503849884,0.914199299586119,0.7469387755102042,0.16726052407591485,0.026743075453677267
2020-03-18,ACN,151.15,True,-0.30149267526225787,True,0.004432682765464602,0.028291666666666604,-0.023858983901202002,0.1111478663579224,0.16291666666666682,-0.05176880030874442,0.3337082368508104,0.26754166666666657,0.06616657018414385,0.5391994707244459,0.3883749999999999,0.15082447072444594,0.7434336751571284,0.6496250000000001,0.09380867515712832,-0.09262322196493544
2022-05-09,ACN,287.49,True,-0.3111867168220045,False,-0.004591464050923477,0.004822060928748817,-0.009413524979672294,0.06622839055271479,0.04412688047818758,0.02210151007452721,0.08042018852829669,0.04018384107290851,0.04023634745538818,0.0010087307384603061,-0.022980134113569695,0.02398886485203,-0.07885491669275457,0.03659241027701743,-0.115447326969772,-0.0894639813558733
2022-02-11,ADBE,473.97,True,-0.3224547559825027,True,-0.06627001708968927,-0.014144303682513626,-0.052125713407175644,-0.13180159081798426,-0.05326249829723462,-0.07853909252074964,-0.17077030191784304,-0.09392453344231033,-0.0768457684755327,-0.08553283963120029,-0.06127684693275204,-0.024255992698448248,-0.21727113530392217,-0.07360486763837792,-0.14366626766554424,-0.20927484861911105
2022-05-10,ADBE,393.03,True,-0.4381593618663694,False,0.04228684833218832,0.02312761532486407,0.01915923300732425,0.09111263771213385,0.03039414668370566,0.06071849102842819,0.10279113553672747,0.03603197273797898,0.0667591627987485,-0.1896292903849578,-0.03227342203512995,-0.15735586834982784,-0.1281835992163448,0.02966749354782139,-0.1578510927641662,-0.14001475714322054
2020-03-20,ADI,85.08,True,-0.3316575019638649,True,0.0421955806299954,0.1076048951048949,-0.0654093144748995,0.18606017865538305,0.2307255244755244,-0.04466534582014137,0.44205453690644103,0.36783216783216766,0.07422236907427338,0.3430888575458393,0.45930944055944045,-0.11622058301360116,0.7565820404325341,0.7110139860139859,0.045568054418548165,-0.05371415138692992
2020-03-16,ADP,122.46,True,-0.3283238262395788,True,-0.10934182590233543,-0.07046070460704612,-0.03888112129528931,0.1748325983994774,0.18319783197831985,-0.008365233578842446,0.27421198758778376,0.3299979153637691,-0.055785927775985344,0.13620774130328273,0.4400250156347718,-0.3038172743314891,0.4924873428058143,0.6429435063581406,-0.15045616355232627,-0.15801077902988725
2015-07-16,AMAT,17.87,True,-0.3049397121742512,False,-0.008393956351427145,-0.009985869053226626,0.0015919127017994805,-0.045886961387800795,-0.017145548751766437,-0.028741412636034358,-0.12423055400111926,-0.05167216203485636,-0.0725583919662629,-0.007834359261331914,-0.06349505416862933,0.055660694907297414,0.4499160604364856,0.012341026848798675,0.4375750335876869,-0.20257414661443762
2018-08-20,AMAT,43.53,True,-0.3024038461538461,False,0.005053985756949153,0.014387230020653119,-0.009333244263703966,-0.09970135538708946,0.018342843140686904,-0.11804419852777637,-0.23064553181713754,-0.04764238456960834,-0.1830031472475292,-0.06524236158970831,-0.040501277698043125,-0.024741083891665183,0.0820124052377671,0.02331361361010953,0.058698791627657565,-0.2986446129106364
2020-03-12,AMAT,45.11,True,-0.3503744239631337,True,-0.10906672578142318,-0.030631574704768183,-0.078435151076655,0.09931279095544232,0.12127685300874602,-0.0219640620533037,0.3278652183551318,0.3026480190238199,0.025217199331311946,0.3719796054090003,0.42114384748700173,-0.04916424207800141,1.497894036798936,0.5701906412478335,0.9277033955511025,-0.187763245400133
2022-04-11,AMAT,116.24,True,-0.30420208308392194,True,0.0070543702684102705,0.011638479723586226,-0.004584109455175955,-0.07794218857536117,-0.09281232951445728,0.01487014093909611,-0.2155024088093599,-0.11649845426441174,-0.09900395454494815,-0.25800068823124567,-0.16664393526095655,-0.09135675297028911,0.001204404679972404,-0.06864884524458992,0.06985324992456232,-0.28879903647625593
2024-08-07,AMAT,178.51,True,-0.3023955605924421,True,0.1295165536944709,0.048374657771950824,0.08114189592252008,0.009691333818833803,0.0596730035090427,-0.049981669690208896,0.017197916083132814,0.09636370647437631,-0.0791657903912435,0.017982185871940004,0.16654455712798355,-0.14856237125604355,0.025992941571900907,0.21900667103690297,-0.19301372946500206,-0.02868186656209737
2026-07-27,AMAT,516.89,True,-0.30118836778563407,True,0.0025537348371995616,0.02513902231122045,-0.022585287474020888,-0.06326297664880343,0.032986510438512306,-0.09624948708731573,,,,,,,,,,-0.17558861653349844
2017-05-02,AMD,10.32,True,-0.3363344051446946,True,-0.013565891472868241,0.0028060476609288454,-0.016371939133797087,0.08430232558139528,0.011182309335343588,0.07312001624605169,0.3682170542635659,0.035305942957657876,0.332911111305908,0.33817829457364335,0.076810319554383,0.26136797501926035,0.054263565891472965,0.10780248774971724,-0.05353892185824427,-0.04554263565891481
2017-10-30,AMD,10.89,True,-0.30415335463258786,False,0.0955004591368227,0.008179162609542434,0.08732129652728027,0.025711662075298403,0.02383641674780912,0.0018752453274892833,0.18916437098255257,0.11618305744888024,0.07298131353367232,-0.07346189164370986,0.024264849074975725,-0.09772674071868559,0.6189164370982552,0.03341772151898725,0.5854987155792679,-0.10927456382001843
2018-10-19,AMD,23.66,True,-0.30697129466900996,True,-0.25486052409129334,-0.039529411764705924,-0.21533111232658741,-0.12679628064243453,-0.009122171945701307,-0.11767410869673323,-0.14412510566356718,-0.048108597285068,-0.09601650837849918,0.15511411665257802,0.049665158371040796,0.10544895828153722,0.308960270498732,0.07862443438914046,0.23033583610959152,-0.3224852071005917
2019-01-17,AMD,20.25,True,-0.4068541300527241,False,0.0829629629629629,0.010724064496501429,0.07223889846646148,0.1693827160493826,0.05479920900517188,0.11458350704421072,0.3496296296296295,0.10271524186188041,0.2469143877677491,0.6325925925925926,0.13823395193185295,0.49435864066073965,1.3975308641975306,0.24806054152722856,1.149470322670302,-0.059259259259259234
2020-03-12,AMD,39.01,True,-0.34182554412012833,True,0.02076390669059225,-0.030631574704768183,0.05139548139536043,0.24019482184055385,0.12127685300874602,0.11891796883180783,0.3578569597539092,0.3026480190238199,0.055208940730089306,1.3629838502947966,0.42114384748700173,0.9418400028077949,0.9871827736477827,0.5701906412478335,0.41699213239994926,-0.05793386311202253
2022-01-25,AMD,111.13,True,-0.3242733795451782,True,0.050841356969315354,0.042534582364720075,0.00830677460459528,-0.01232790425627639,-0.028816719221120057,0.016488814964843668,-0.19148744713398724,0.008262941054618222,-0.19975038818860547,-0.22721137406640868,-0.0971298363523374,-0.13008153771407127,-0.32781427157383236,-0.07887771307570146,-0.2489365584981309,-0.19697651399262128
2022-04-21,AMD,89.85,True,-0.4536665450565488,False,-0.002337228714524131,-0.023398621193443825,0.021061392478919694,0.07590428491931012,-0.11094370634159711,0.18684799126090723,-0.044184752365052815,-0.10452905994612616,0.06034430758107334,-0.3561491374513077,-0.1860475733917728,-0.17010156405953492,0.002893711741791982,-0.059763502716522865,0.06265721445831485,-0.20311630495269895
2022-07-19,AMD,85.88,True,-0.477806153471969,False,-0.007335817419655277,-0.0035179850613098473,-0.00381783235834543,0.16674429436422922,0.09541897162668578,0.07132532273754344,-0.32638565440149037,-0.09103423662273424,-0.23535141777875612,-0.21704704238472283,-0.01124225660896827,-0.20580478577575456,0.3731951560316722,0.15785046014224902,0.21534469588942318,-0.34734513274336287
2024-04-17,AMD,154.02,True,-0.32239331280246364,True,-0.014803272302298387,0.009709319748276934,-0.02451259205057532,0.03668354759122172,0.05839576465887508,-0.02171221706765336,0.167575639527334,0.1218259914094495,0.04574964811788451,0.12193221659524744,0.1450804115472979,-0.02314819495205045,-0.42676275808336583,0.05016481869943057,-0.4769275767827964,-0.08349564991559544
2024-07-18,AMD,155.77,True,-0.314694236691597,False,-0.1120241381524043,-0.02578438823146234,-0.08623974992094197,-0.05398985684021307,0.0007418666087650738,-0.05473172344897814,0.07780702317519395,0.04870987587305042,0.029097147302143522,-0.21782114656223928,0.06664133463612365,-0.2844624811983629,0.007832060088592163,0.13556255202113432,-0.12773049193254216,-0.21788534377608015
2024-10-15,AMD,156.64,True,-0.31086669599648054,False,-0.016279366700714948,0.006105764255407431,-0.02238513095612238,-0.08305669050051068,0.029528441822760376,-0.11258513232327105,-0.25102145045965274,0.002776915381696554,-0.2537983658413493,-0.3817671092951991,-0.053744523784883924,-0.32802258551031516,0.5232379979570991,0.14728000275966746,0.37595799519743167,-0.26959908069458627
2016-02-09,AMZN,24.1035,True,-0.3078082821204986,True,0.10793038355425555,0.04017688615650106,0.06775349739775449,0.16055759536996717,0.07523054521922012,0.08532705015074704,0.36720808181384457,0.10537669201315847,0.2618313898006861,0.5925902877175513,0.16992935339481208,0.4226609343227392,0.6753583504470304,0.2345898721889661,0.4407684782580643,0.0040035679465637575
2018-12-21,AMZN,68.8725,True,-0.3282370153621068,False,0.09039892555083662,0.03830494391358541,0.05209398163725121,0.19062034919597814,0.09434981304528467,0.09627053615069348,0.3207448546226721,0.18292480265891164,0.13782005196376046,0.36921848342952557,0.2022019110926465,0.16701657233687905,0.3011579367672148,0.3331948483589531,-0.03203691159173827,-0.05114523213183797
2018-10-11,ANET,13.4663,True,-0.31243170933450426,True,0.0818190594298358,0.015541756990116395,0.06627730243971941,0.1705145437128237,0.030605871330418477,0.13990867238240523,0.0069135545769809514,-0.05217327405665573,0.05908682863363668,0.4436927738131482,0.06025645736120788,0.3834363164519403,0.05689758879573459,0.077414851012235,-0.02051726221650041,-0.1317214082561654
2019-01-09,ANET,13.5594,True,-0.3076781684315868,False,0.019772261309497496,0.01166802341357509,0.008104237895922406,0.015347286753101264,0.04717602822033551,-0.031828741467234245,0.4337802557635293,0.11861844400511679,0.3151618117584125,0.2228564685753056,0.14908710315152907,0.07376936542377655,-0.05577680428337528,0.25103694228011,-0.30681374656348526,-0.05538593153089366
2019-08-05,ANET,14.4344,True,-0.30283418017426245,False,-0.02805797262096099,0.014974279472905305,-0.0430322520938663,-0.028840824696558243,0.02438165034176598,-0.053222475038324224,0.06499057806351494,0.0683179479952083,-0.003327369931693358,0.017402870919470237,0.13980691987879634,-0.1224040489593261,0.12478523527129637,0.15044746670424924,-0.025662231432952876,-0.07317934933215098
2019-11-01,ANET,11.5813,True,-0.44063580688162896,False,0.039442895011786216,0.009146142287842274,0.030296752723943943,0.04224914301503291,0.017965636636832816,0.024283506378200093,0.2506195332130243,0.0703599660286145,0.18025956718440983,0.1759819709359054,-0.062357091526752395,0.2383390624626578,0.0963795083453498,0.077872868622199,0.01850663972315081,-0.005672938271178651
2022-05-09,ANET,25.62,True,-0.31022413677054583,False,0.024590163934426146,0.004822060928748817,0.01976810300567733,0.017759562841529908,0.04412688047818758,-0.026367317636657672,0.2008196721311475,0.04018384107290851,0.16063583105823898,0.18530444964871196,-0.022980134113569695,0.20828458376228165,0.34728727556596395,0.03659241027701743,0.3106948652889465,-0.13041764246682286
2022-10-12,ANET,25.9125,True,-0.3023490610486639,False,0.0140858658948384,0.033486650213147895,-0.019400784318309494,0.18591413410516155,0.04927641911599734,0.13663771498916422,0.10824891461649777,0.08778326228404754,0.020465652332450235,0.5712493970091654,0.14314561364146283,0.4281037833677026,0.8510371442354077,0.22369306708548353,0.6273440771499241,-0.052530631934394556
2025-02-24,ANET,92.69,True,-0.30608272506082723,True,-0.07206818427014772,-0.022504646606721357,-0.04956353766342636,-0.05588520876038405,-0.03873009494147783,-0.01715511381890622,0.03215017801273068,-0.007300614524204274,0.03945079253693495,0.4812816916603735,0.07740995629678005,0.40387173536359344,0.37479771280612817,0.1426298956815859,0.23216781712454226,-0.35883051030316104
2025-05-21,ANET,92.43,True,-0.30802919708029186,False,-0.06556312885426807,0.012335723844490776,-0.07789885269875885,-0.0668614086335606,0.01959304121058225,-0.08645444984414286,0.4934545061127338,0.10369557011975417,0.3897589359929796,0.45980742183273815,0.1718079813334248,0.28799944049931336,0.5199610516066213,0.2717462169303091,0.24821483467631222,-0.0927404522341232
2022-09-23,AVGO,46.868,True,-0.3084867799811142,False,-0.052637193820943895,-0.029270281288218514,-0.02336691253272538,-0.040432704617222925,0.0172306019839652,-0.057663306601188125,0.17271912605615758,0.032803370023100964,0.13991575603305662,0.3462703763762054,0.05989944285908422,0.2863709335171212,0.7689681659127763,0.16977850251392868,0.5991896633988476,-0.11438508150550486
2025-03-27,AVGO,171.99,True,-0.3171748451643639,False,-0.10454096168381888,-0.05357268815687377,-0.05096827352694511,0.11814640386068942,-0.02899061860760399,0.1471370224682934,0.5336356764928192,0.0700077590463426,0.4636279174464766,1.0079655793941509,0.167842279748889,0.8401232996452619,0.7990580847723705,0.13756436481625167,0.6614937199561188,-0.19704633990348286
2020-03-11,AXP,95.38,True,-0.3094910591471802,True,-0.2267771021178444,-0.12523691500218692,-0.10154018711565749,-0.034598448312015084,-0.0012027992418721656,-0.03339564907014292,0.15045082826588385,0.16394518151333992,-0.01349435324745607,0.06510798909624671,0.2731812217524421,-0.20807323265619537,0.5212832879010274,0.4111750984108471,0.11010818949018031,-0.2975466554833298
2018-12-24,BAC,22.73,True,-0.3122541603630862,False,0.09810822701275845,0.0675940940513784,0.030514132961380058,0.2793664760228771,0.12464794742681584,0.15471852859606128,0.18829740431148267,0.19164461892976026,-0.003347214618277583,0.2591289045314562,0.2477596654433727,0.011369239088083516,0.5380554333479983,0.3686523854228898,0.16940304792510852,-0.001759788825340891
2016-02-05,BKNG,40.622,True,-0.31220030883428607,False,0.04180985672788151,-0.00702314445331198,0.04883300118119349,0.2716557530402246,0.06725192870444285,0.20440382433578175,0.3338978878440255,0.09688747007182763,0.2370104177721979,0.30579488946876077,0.15333865389731316,0.1524562355714476,0.5499876913987494,0.2118648576749136,0.3381228337238358,-0.06058785879572637
2020-03-19,BLK,397.36,True,-0.31110764376484445,True,0.13725588886651896,0.08602552908402972,0.05123035978248924,0.20009563116569362,0.19180075672529218,0.008294874440401445,0.36659452385745905,0.2766620930522641,0.08993243080519497,0.40975437890074473,0.4127894890025363,-0.0030351101017915827,0.8326454600362392,0.651740052388674,0.18090540764756513,-0.17888061203946048
2022-03-07,BLK,677.07,True,-0.3042562374121418,False,0.03021844122468864,-0.005793576997353611,0.03601201822204225,0.15531628930538943,0.08909710797987747,0.06621918132551197,-0.02445832779476287,-0.02346041055718484,-0.0009979172375780276,-0.0009304798617573162,-0.03366473547433424,0.032734255612576924,0.016719098468400473,-0.035667453448728015,0.05238655191712849,-0.1395572097419765
2020-03-12,BSX,31.0,True,-0.335049335049335,True,-0.08806451612903232,-0.030631574704768183,-0.05743294142426414,0.1880645161290322,0.12127685300874602,0.06678766312028617,0.2616129032258063,0.3026480190238199,-0.041035115798013555,0.3377419354838709,0.42114384748700173,-0.08340191200313085,0.26903225806451614,0.5701906412478335,-0.30115838318331734,-0.22258064516129028
2015-09-28,BX,30.3238,True,-0.3045255219991927,False,0.10111529557641208,0.055635338545822144,0.045479957030589935,0.13508201478706505,0.10100526567735768,0.03407674910970737,-0.008039889459764304,0.08238923461518,-0.0904291240749443,-0.07597332788107025,0.08861230785596508,-0.16458563573703533,-0.14819382795032288,0.14882187117706525,-0.2970156991273881,-0.11554620463134557
2015-12-22,BX,30.08,True,-0.3101170599244064,False,-0.012300531914893553,0.011941031941032021,-0.024241563855925574,-0.12865691489361697,-0.06378378378378369,-0.06487313110983328,-0.0684840425531914,0.005749385749385771,-0.07423342830257718,-0.16223404255319152,0.020884520884520974,-0.1831185634377125,-0.0332446808510638,0.1082555282555282,-0.141500209106592,-0.25831117021276595
2020-03-12,BX,40.06,True,-0.383407726643066,True,0.04817773339990006,-0.030631574704768183,0.07880930810466824,0.22740888666999504,0.12127685300874602,0.10613203366124901,0.484023964053919,0.3026480190238199,0.18137594503009913,0.34098851722416357,0.42114384748700173,-0.08015533026283816,0.7663504742885672,0.5701906412478335,0.1961598330407337,-0.17623564653020474
2022-04-29,BX,101.57,True,-0.3218720790492723,False,-0.0007876341439401191,-0.001601941747572888,0.000814307603632769,0.19169045978143173,0.007912621359223326,0.1837778384222084,-0.0379048931771192,-0.0266019417475728,-0.011302951429546404,-0.172590331790883,-0.11308252427184462,-0.05950780751903839,-0.12050802402284133,0.009538834951456243,-0.13004685897429757,-0.1437432312690755
2022-07-27,BX,97.72,True,-0.34757644545333155,False,0.03448628735161696,0.033438061041292544,0.0010482263103244183,0.05157593123209181,0.031493117893476974,0.020082813338614836,-0.13999181334424882,-0.08884400558547778,-0.051147807758771036,-0.14050347932869423,-0.023813085976461257,-0.11669039335223297,0.07153090462546041,0.1358218631557948,-0.0642909585303344,-0.1859394187474417
2025-04-08,C,58.77,True,-0.3064668397451026,True,0.09460609154330424,0.08284321624234603,0.011762875300958209,0.19533775735919678,0.1302570093457942,0.06508074801340258,0.49055640632975983,0.2501611343860779,0.24039527194368193,0.7270716351880211,0.34180631646793413,0.38526531872008696,1.101242130338608,0.3616057041572671,0.7396364261813408,-0.04594180704441042
2018-10-23,CAT,118.98,True,-0.31320711152158853,False,-0.012775256345604391,-0.02134424911370214,0.00856899276809775,0.02765170616910395,-0.034684404809765756,0.06233611097886971,0.11144730206757436,-0.039289499652790494,0.15073680172036485,0.199697428139183,0.05789262088373959,0.14180480725544342,0.12363422423936798,0.09283286429589555,0.03080135994347244,-0.05816103546814588
2020-03-16,CAT,93.41,True,-0.37954168050481574,True,-0.01670056739107162,-0.07046070460704612,0.0537601372159745,0.24697569853334778,0.18319783197831985,0.06377786655502793,0.41783534953431123,0.3299979153637691,0.08783743417054213,0.5711379937908148,0.4400250156347718,0.13111297815604295,1.4515576490739752,0.6429435063581406,0.8086141427158346,-0.029654212611069486
2025-04-04,CAT,288.08,True,-0.31163679808841105,False,0.018640655373507453,0.05672102596580131,-0.038080370592293855,0.12159816717578464,0.11524303356554788,0.006355133610236763,0.3830533185226328,0.2279330272324258,0.155120291290207,0.6167731185781729,0.30980842305256506,0.3069646955256078,1.5036101083032491,0.30408882203926524,1.199521286263984,-0.07213274090530397
2022-07-05,COP,84.64,True,-0.31785944551902,True,-0.014059546313799576,-0.0029584249659649897,-0.011101121347834586,0.11897448015122869,0.0683317624882187,0.050642717663009984,0.2169187145557656,-0.02992459943449577,0.24684331399026138,0.33388468809073735,-0.003246413236988044,0.3371311013277254,0.23145085066162574,0.16187558906691812,0.06957526159470762,-0.07490548204158798
2023-03-15,COP,95.24,True,-0.31229691674489146,False,0.032864342713145867,0.007269831483764921,0.025594511229380945,0.14489710205795903,0.062140361693382884,0.08275674036457614,0.09082318353632934,0.10434648581997541,-0.013523302283646066,0.29220915581688356,0.14627003699136876,0.1459391188255148,0.23425031499370008,0.3254469790382246,-0.09119666404452453,-0.03895422091558165
2022-05-19,COST,422.93,True,-0.3092426543845035,True,0.09944908140827091,0.04069737585374633,0.05875170555452458,0.05617950961151963,-0.060596723668669306,0.11677623328018893,0.307592272952971,0.10332254917064665,0.20426972378232433,0.15851322913957389,-0.03936219380680939,0.19787542294638327,0.17773626841321266,0.07643917218713092,0.10129709622608174,-0.038824391743314535
2016-02-08,CRM,54.05,True,-0.348009650180941,True,0.10490286771507873,0.023514184014669537,0.08138868370040919,0.29176688251618876,0.07000323589688295,0.2217636466193058,0.36891766882516186,0.10565203322187466,0.2632656356032872,0.513413506012951,0.17096321863876618,0.3424502873741848,0.48399629972247915,0.23686765181749547,0.24712864790498368,-0.023311748381128594
2020-03-16,CRM,124.3,True,-0.3649090537502555,True,0.1304907481898634,-0.07046070460704612,0.2009514527969095,0.26878519710378135,0.18319783197831985,0.0855873651254615,0.4650040225261465,0.3299979153637691,0.13500610716237738,1.132019308125503,0.4400250156347718,0.6919942924907312,0.7072405470635561,0.6429435063581406,0.06429704070541553,-0.07248592115848751
2025-04-04,CRM,240.76,True,-0.34753387533875346,False,0.059146037547765484,0.05672102596580131,0.002425011581964176,0.13237248712410699,0.11524303356554788,0.017129453558559105,0.11816746967934866,0.2279330272324258,-0.10976555755307715,0.011089882040206112,0.30980842305256506,-0.29871854101235895,-0.23147532812759586,0.30408882203926524,-0.5355641501668611,-0.04469180927064298
2020-03-16,DE,120.05,True,-0.3403483707896039,True,-0.07413577675968341,-0.07046070460704612,-0.003675072152637293,0.15060391503540194,0.18319783197831985,-0.03259391694291791,0.3411078717201166,0.3299979153637691,0.011109956356347483,0.7560183256976261,0.4400250156347718,0.31599331006285425,2.0778009162848816,0.6429435063581406,1.434857409926741,-0.11586838817159517
2022-06-23,DE,297.51,True,-0.3340719849583669,True,0.006588013848274121,-0.002142517060784055,0.008730530909058176,0.04957816543981708,0.04504575993228577,0.004532405507531312,0.21908507277066325,0.027746918478548377,0.19133815429211487,0.4694968236361803,0.06324392953499447,0.4062528941011858,0.39723034519848066,0.15460508913929005,0.2426252560591906,-0.046048872306813204
2025-04-03,ETN,260.85,True,-0.3135345666991236,False,0.037837837837837895,-0.022582448295137003,0.0604202861329749,0.14897450642131482,0.056008943543879086,0.09296556287743574,0.3610887483227909,0.15082914104713985,0.21025960727565107,0.3982748706152961,0.2261039686975963,0.1721709019176998,0.3843204907034694,0.22196757965343772,0.1623529110500317,-0.11117500479202613
2020-03-16,FISV,86.18,True,-0.31083566573370647,True,-0.10652123462520313,-0.07046070460704612,-0.03606053001815701,0.12381062891622174,0.18319783197831985,-0.059387203062098104,0.23775818055233233,0.3299979153637691,-0.09223973481143677,0.16802042237177983,0.4400250156347718,-0.272004593262992,0.44035739150614983,0.6429435063581406,-0.20258611485199074,-0.14713390577860297
2025-05-15,FISV,159.13,True,-0.3330399429984493,True,0.013888016087475696,-0.012481793855637968,0.026369809943113665,0.02444542198202737,0.011076110151407415,0.013369311830619957,-0.168478602400553,0.08845645767706545,-0.25693506007761846,-0.5978131087789857,0.1475459810994817,-0.7453590898784674,-0.6640482624269466,0.26709683975205767,-0.9311451021790043,-0.19424370011939918
2016-01-29,GILD,83.0,True,-0.32722704060954855,False,0.025783132530120545,-0.02978525707206281,0.055568389602183355,0.051204819277108404,-0.0008259343382200912,0.052030753615328496,0.22084337349397587,0.07846376213091055,0.14237961136306532,0.051084337349397435,0.11640512079289711,-0.06532078344349967,-0.14192771084337352,0.18382201115011365,-0.3257497219934872,-0.013373493975903594
2020-03-20,GOOGL,53.4105,True,-0.30216104629133633,True,0.03936491888299121,0.1076048951048949,-0.0682399762219037,0.1806199155596746,0.2307255244755244,-0.05010560891584981,0.35410640229917334,0.36783216783216766,-0.013725765532994316,0.428604862339802,0.45930944055944045,-0.030704578219638456,0.8922683741960848,0.7110139860139859,0.18125438818209894,-0.055550874827983265
2022-05-24,GOOGL,105.97,True,-0.3007426763402653,False,0.0747570067000094,0.03985884383965055,0.03489816286035885,0.05918656223459484,-0.04018888522176234,0.09937544745635718,0.1060677550250071,0.07172053111274712,0.03434722391225997,-0.09691422100594504,0.0031226992307498147,-0.10003692023669486,0.15655374162498825,0.051283353220442196,0.10527038840454606,-0.019944323865244917
2025-04-07,GS,465.51,True,-0.30747258959520385,True,0.08264054477884475,0.06887664062809784,0.013763904150746908,0.18012502416704268,0.10789484119116532,0.07223018297587736,0.5545960344568321,0.23981918394861035,0.3147768505082218,0.7273957594895921,0.3158333002894642,0.4115624592001279,0.8563510987948701,0.3069907609342164,0.5493603378606537,-0.03952654078322693
2020-03-16,HD,164.96,True,-0.333117723156533,True,-0.015579534432589859,-0.07046070460704612,0.05488117017445626,0.25588021338506284,0.18319783197831985,0.07268238140674299,0.5424951503394762,0.3299979153637691,0.21249723497570705,0.6648278370514062,0.4400250156347718,0.22480282141663444,0.655552861299709,0.6429435063581406,0.012609354941568451,-0.14749030067895252
2022-05-06,HD,294.31,True,-0.300278167423504,False,0.005844177907648351,-0.0233869791413428,0.029231157048991152,0.03255071183446012,0.0010939855107698904,0.03145672632369023,0.04097720091060442,0.007560655418874962,0.033416545491729455,-0.011042778023172883,-0.0762386347060825,0.06519585668290961,-0.015935578131901718,0.0031360917975398195,-0.019071669929441537,-0.10125378002786178
2020-04-03,HON,125.9806,True,-0.30756301597247415,True,0.08230711712755778,0.11068133284983284,-0.028374215722275054,0.06080856893839215,0.1425520770377533,-0.08174350809936115,0.13448419836070014,0.24243523107296827,-0.10795103271226814,0.24566560248165192,0.3034368830331602,-0.057771280551508264,0.701059528213074,0.6141262742253919,0.08693325398768215,-0.08112995175447646
2026-04-29,IBM,227.1,True,-0.3010156971375808,False,-0.0059885512989871215,0.03126844486916447,-0.03725699616815159,0.16345222369000445,0.060457011158267404,0.10299521253173705,-0.047644209599295384,0.038660445768571305,-0.08630465536786669,,,,,,,-0.12289740202553945
2020-03-18,ICE,70.08,True,-0.3124693417050918,True,0.06335616438356162,0.028291666666666604,0.035064497716895016,0.2571347031963469,0.16291666666666682,0.09421803652968008,0.3307648401826484,0.26754166666666657,0.06322317351598183,0.4101027397260273,0.3883749999999999,0.021727739726027373,0.6361301369863013,0.6496250000000001,-0.013494863013698843,-0.09375
2020-03-12,INTC,45.54,True,-0.34276230336267866,True,0.008783487044356608,-0.030631574704768183,0.03941506174912479,0.25472112428634164,0.12127685300874602,0.13344427127759562,0.3981115502854633,0.3026480190238199,0.09546353126164342,0.11528326745718043,0.42114384748700173,-0.3058605800298213,0.3669301712779973,0.5701906412478335,-0.20326046996983616,-0.041941150636802704
2020-07-29,INTC,48.07,True,-0.3062490979939386,False,0.017682546286665213,0.02149975393700787,-0.0038172076503426577,0.03078843353442884,0.0690514271653544,-0.03826299363092556,0.12128146453089239,0.05994709645669305,0.06133436807419934,0.22051175369253184,0.18076402559055116,0.039747728101980684,0.10630330767630536,0.3503014271653542,-0.24399811948904881,-0.022883295194508046
2026-07-16,INTC,96.98,True,-0.31872146118721456,True,0.03351206434316345,-0.016703964194373477,0.05021602853753693,0.07816044545267054,0.03617860187553279,0.041981843577137745,,,,,,,,,,-0.1566302330377397
2020-03-20,INTU,201.84,True,-0.34230506044511055,True,0.1379805786761792,0.1076048951048949,0.030375683571284284,0.3079667063020213,0.2307255244755244,0.07724118182649686,0.42974633372968674,0.36783216783216766,0.06191416589751908,0.5873464130003963,0.45930944055944045,0.1280369724409558,0.8528042013476023,0.7110139860139859,0.14179021533361635,-0.07015457788347201
2022-02-17,INTU,496.18,True,-0.30784253550205065,False,-0.018138578741585754,0.0015787306090697673,-0.01971730935065552,-0.03287113547502918,0.01706859470095634,-0.04993973017598552,-0.27528316336813263,-0.08458792843087914,-0.1906952349372535,-0.03508807287677862,-0.03905642245915886,0.003968349582380237,-0.17699222056511743,-0.06584908250583454,-0.11114313805928289,-0.31605465758394125
2022-05-16,INTU,359.59,True,-0.4983818318779121,False,0.03275953168886803,-0.007923217276112782,0.04068274896498081,0.01443310436886458,-0.06553525456772225,0.07996835893658683,0.33143302094051563,0.049738808768027276,0.28169421217248836,0.004449511944158768,-0.059336649253917795,0.06378616119807656,0.18526655357490474,0.03229273413481981,0.15297381944008492,-0.02138546678161235
2020-03-16,ISRG,134.7633,True,-0.34686596879902576,True,-0.0903806896981596,-0.07046070460704612,-0.01991998509111348,0.2563754375263889,0.18319783197831985,0.07317760554806907,0.4479216522599254,0.3299979153637691,0.11792373689615632,0.8343517856864595,0.4400250156347718,0.3943267700516877,0.8155039242879925,0.6429435063581406,0.17256041792985188,-0.1083128715310473
2022-04-22,ISRG,252.34,True,-0.31742811544807814,False,-0.05167630974082582,-0.03295465214533855,-0.018721657595487273,-0.13184592216850288,-0.08546145901793267,-0.04638446315057021,-0.13125148609019577,-0.07339686414421187,-0.0578546219459839,-0.24554172941269714,-0.14099615059618809,-0.10454557881650905,0.1897439961956091,-0.032485212656088724,0.22222920885169783,-0.2596100499326306
2025-10-10,ISRG,429.59,True,-0.30261363636363636,False,0.03850182732372742,0.017411411595356974,0.02109041572837045,0.3035685188202706,0.027487672659336715,0.27608084616093387,0.3786866547172887,0.05598603411840375,0.32270062059888494,0.05351614329942511,0.009050258797586475,0.04446588450183864,,,,-0.004073651621313346
2020-03-26,JPM,98.12,True,-0.3046066619418851,True,-0.10813289849164287,-0.03587289433384366,-0.0722600041577992,-0.07551977170811264,0.08334609494640133,-0.15886586665451397,-0.013962494904198985,0.18920367534456362,-0.2031661702487626,0.016102731349368016,0.2971669218989281,-0.2810641905495601,0.5350591112922951,0.4836140888208269,0.051445022471468205,-0.16021198532409298
2018-10-24,KLAC,8.6,True,-0.30622781542433053,False,0.06441860465116278,0.0200135685210312,0.04440503613013158,0.10162790697674429,-0.001130710085934017,0.1027586170626783,0.06802325581395352,-0.007198854213779415,0.07522211002773294,0.44418604651162785,0.09309513040856321,0.35109091610306464,0.8455813953488374,0.13025780189959302,0.7153235934492443,-0.06220930232558142
2020-03-12,KLAC,12.536,True,-0.3205420054200542,True,0.015954052329291812,-0.030631574704768183,0.046585627034059995,0.19751116783663059,0.12127685300874602,0.07623431482788456,0.5305520102105936,0.3026480190238199,0.22790399118677374,0.6588225909380985,0.42114384748700173,0.23767874345109674,1.2610880663688575,0.5701906412478335,0.690897425121024,-0.12101148691767705
2022-03-07,KLAC,31.414,True,-0.31278438921946095,True,0.018654103266059652,-0.005793576997353611,0.024447680263413263,0.16842808938689746,0.08909710797987747,0.07933098140702,0.13640415101547076,-0.02346041055718484,0.1598645615726556,0.14337556503469773,-0.03366473547433424,0.17704030050903197,0.20860126058445272,-0.035667453448728015,0.24426871403318073,-0.024543197300566644
2022-06-13,KLAC,31.388,True,-0.31335316765838295,False,0.04250031859309278,0.0001866666666665573,0.04231365192642622,-0.002421307506053294,0.010213333333333185,-0.01263464083938648,0.11854848986873967,0.06767999999999996,0.05086848986873971,0.24111125270804123,0.08509333333333347,0.15601791937470777,0.5146871415827703,0.15680000000000005,0.35788714158277024,-0.09892315534599205
2024-11-15,KLAC,61.446,True,-0.3144635844341307,False,0.04083260098297692,0.01666239863422958,0.02417020234874734,0.06781564300361298,0.03591976099018357,0.03189588201342941,0.22178823682583082,0.04088775074690565,0.18090048607892517,0.2952836637047165,0.001860862142552433,0.29342280156216405,0.8450346645835369,0.13644046094750317,0.7085942036360338,-0.008234872896527023
2025-04-03,KLAC,62.082,True,-0.3073679043198858,False,0.057891176186334325,-0.022582448295137003,0.08047362448147133,0.12457717212718666,0.056008943543879086,0.06856822858330758,0.4478431751554397,0.15082914104713985,0.29701403410829985,0.7059695241777004,0.2261039686975963,0.4798655554801041,1.443284687993299,0.22196757965343772,1.2213171083398613,-0.11193260526400561
2026-07-17,KLAC,212.75,True,-0.3078374597390767,True,-0.010481786133960003,-0.005865812805230797,-0.004615973328729206,-0.04244418331374855,0.04446447550754096,-0.08690865882128951,,,,,,,,,,-0.21480611045828435
2020-03-12,LIN,158.02,True,-0.3064735571648013,True,-0.025376534615871527,-0.030631574704768183,0.005255040088896656,0.1990887229464624,0.12127685300874602,0.07781186993771638,0.3696367548411592,0.3026480190238199,0.06698873581733933,0.6259967092773064,0.42114384748700173,0.2048528617903047,0.6810530312618654,0.5701906412478335,0.11086239001403198,-0.0715732185799266
2020-03-16,LMT,287.94,True,-0.3493322486611077,True,-0.03868861568382298,-0.07046070460704612,0.03177208892322314,0.31982357435576847,0.18319783197831985,0.13662574237744862,0.4022713065221921,0.3299979153637691,0.07227339115842302,0.3415642147669655,0.4400250156347718,-0.09846080086780629,0.1814614155726888,0.6429435063581406,-0.46148209078545177,-0.07581440577898169
2022-05-18,LOW,183.82,True,-0.30188750901978656,False,0.025731694048525933,0.014061144286224625,0.011670549762301308,-0.06642367533456628,-0.06433420099014964,-0.002089474344416642,0.13175932977913174,0.09442147705813309,0.037337852720998654,0.024698074203024722,-0.02516204767008634,0.04986012187311106,0.12718964204112715,0.05963864645536665,0.0675509955857605,-0.07452943096507447
2018-09-06,LRCX,16.005,True,-0.3185882152588556,False,-0.043298969072164906,0.009265685730149853,-0.05256465480231476,-0.06897844423617616,0.004441976679622428,-0.07342042091579859,-0.019306466729147043,-0.04341338145474749,0.024106914725600448,0.10434239300218695,-0.02686007773459187,0.13120247073677882,0.41668228678537966,0.0335230427540254,0.38315924403135426,-0.16638550452983436
2020-03-12,LRCX,23.785,True,-0.30921816914498146,True,-0.18011351692243005,-0.030631574704768183,-0.14948194221766187,0.08589447130544459,0.12127685300874602,-0.035382381703301435,0.2511667017027539,0.3026480190238199,-0.05148131732106598,0.4318267815850325,0.42114384748700173,0.010682934098030783,1.1807862097960897,0.5701906412478335,0.6105955685482563,-0.23741854109733018
2022-03-07,LRCX,48.915,True,-0.3316253330600534,True,-0.04119390779924359,-0.005793576997353611,-0.03540033080188998,0.09485842788510679,0.08909710797987747,0.005761319905229323,0.03401819482776247,-0.02346041055718484,0.05747860538494731,-0.07326995809056513,-0.03366473547433424,-0.039605222616230895,-0.00803434529285496,-0.035667453448728015,0.027633108155873054,-0.09530818767249305
2024-08-05,LRCX,77.039,True,-0.31823893805309733,True,0.052570775840807826,0.03071243573388993,0.021858340106917895,-0.006061864769791869,0.06706869225714174,-0.0731305570269336,0.016498137307078276,0.12445397966678251,-0.10795584235970423,-0.03282752891392671,0.16842552862499516,-0.20125305753892186,0.2549487921701996,0.21375004832038358,0.04119874384981603,-0.07280727942989906
2024-10-29,LRCX,78.31,True,-0.3069911504424778,False,-0.024390243902438935,-0.008714784193065928,-0.015675459709373007,-0.07176605797471591,0.03245268748818253,-0.10421874546289844,-0.04852509258076865,0.03910480086632173,-0.08762989344709038,-0.09462393053249896,-0.060298743489695106,-0.03432518704280385,1.0517175328821349,0.18154940956047927,0.8701681233216556,-0.1205465457795939
2026-07-20,LRCX,306.76,True,-0.30043329532497154,True,-0.04938714304342151,-0.004042636337910466,-0.045344506705511045,0.12087625505280997,0.041207939737767596,0.07966831531504237,,,,,,,,,,-0.1834007041335246
2020-03-12,MA,241.5,True,-0.3045356371490281,True,-0.05942028985507242,-0.030631574704768183,-0.028788715150304234,0.11552795031055885,0.12127685300874602,-0.005748902698187175,0.2853416149068324,0.3026480190238199,-0.017306404116987473,0.47784679089026905,0.42114384748700173,0.056702943403267314,0.5805383022774326,0.5701906412478335,0.010347661029599164,-0.17188405797101447
2020-03-16,MCD,149.01,True,-0.3285720722750417,False,-0.07992752164284278,-0.07046070460704612,-0.00946681703579666,0.23474934568149797,0.18319783197831985,0.05155151370317812,0.31400577142473685,0.3299979153637691,-0.015992143939032255,0.4348030333534665,0.4400250156347718,-0.005221982281305326,0.4250050332192472,0.6429435063581406,-0.21793847313889336,-0.16629756392188433
2018-10-10,META,151.38,True,-0.307565639008325,True,0.05311137534680932,0.0077254761049225795,0.04538589924188674,0.0009908838684107302,0.009737693136902648,-0.008746809268491917,-0.05846214823622664,-0.07736255839022643,0.01890041015399979,0.16276919011758495,0.031908012935680796,0.13086117718190415,0.18806975822433603,0.04660438375853393,0.1414653744658021,-0.18734311005416837
2020-03-12,META,154.47,True,-0.3110169491525423,True,-0.008674823590341219,-0.030631574704768183,0.021956751114426964,0.1341360782028873,0.12127685300874602,0.012859225194141288,0.4980255065708552,0.3026480190238199,0.19537748754703532,0.9126043892017868,0.42114384748700173,0.49146054171478504,0.7148960963293842,0.5701906412478335,0.14470545508155075,-0.11244901922703443
2025-04-04,META,504.73,True,-0.3187701610182073,True,0.07695203376062465,0.05672102596580131,0.02023100779482334,0.18730806569849223,0.11524303356554788,0.07206503213294435,0.41376577576129825,0.2279330272324258,0.18583274852887244,0.473560121252947,0.30980842305256506,0.16375169820038193,0.13530006141897633,0.30408882203926524,-0.1687887606202889,-0.04939274463574583
2026-03-26,META,547.54,True,-0.3123516483516484,False,0.04916535778208009,0.016648839696786544,0.032516518085293544,0.23284143624210096,0.10672929358694128,0.1261121426551597,0.026774299594550355,0.13717465779968685,-0.1104003582051365,,,,,,,-0.04982284399313286
2020-03-18,MRSH,80.81,True,-0.32590924257590925,True,0.07486697190941705,0.028291666666666604,0.04657530524275044,0.20306892711298108,0.16291666666666682,0.04015226044631426,0.2911768345501795,0.26754166666666657,0.023635167883512942,0.40428164831085267,0.3883749999999999,0.015906648310852756,0.46986759064472206,0.6496250000000001,-0.17975740935527806,-0.0801880955327311
2022-06-13,MS,75.18,True,-0.3148637564932105,False,-0.007315775472200192,0.0001866666666665573,-0.0075024421388667495,-0.002660281989890989,0.010213333333333185,-0.012873615323224175,0.17637669592976835,0.06767999999999996,0.10869669592976838,0.22505985634477232,0.08509333333333347,0.13996652301143886,0.16307528598031373,0.15680000000000005,0.006275285980313683,-0.04163341314179314
2022-06-13,MSFT,242.26,True,-0.3071753367460749,False,0.047387104763477295,0.0001866666666665573,0.04720043809681074,0.04317675224964912,0.010213333333333185,0.032963418916315934,0.0671179724263189,0.06767999999999996,-0.0005620275736810676,0.052670684388673505,0.08509333333333347,-0.03242264894465996,0.3698092957979031,0.15680000000000005,0.21300929579790306,-0.003095847436638377
2015-06-09,MU,25.19,True,-0.31156053566548236,False,-0.037713378324732094,0.008635164307987608,-0.0463485426327197,-0.3001190948789203,-0.018805468937394987,-0.2813136259415253,-0.35331480746327915,-0.06255696809786515,-0.290757839365414,-0.38229456133386264,0.0053250179899257954,-0.38761957932378843,-0.4930527987296547,0.013912209162868727,-0.5069650078925234,-0.4640730448590711
2018-09-06,MU,44.65,True,-0.3094648932879678,False,-0.023068309070548687,0.009265685730149853,-0.03233399480069854,-0.010974244120940724,0.004441976679622428,-0.015416220800563152,-0.13639417693169087,-0.04341338145474749,-0.09298079547694338,-0.06875699888017917,-0.02686007773459187,-0.041896921145587296,0.0980963045912655,0.0335230427540254,0.0645732618372401,-0.24255319148936172
2018-11-30,MU,38.56,True,-0.4036498608103928,False,-0.0975103734439835,-0.04200979502992919,-0.055500578414054313,-0.15067427385892118,-0.0923997823326681,-0.05827449152625308,0.07831950207468874,0.01730455287502286,0.06101494919966588,-0.14574688796680513,0.01632504988209682,-0.16207193784890195,0.23210580912863055,0.1402503174315255,0.09185549169710505,-0.26374481327800836
2020-03-12,MU,38.81,True,-0.36574603693413954,True,-0.06493171862921931,-0.030631574704768183,-0.03430014392445113,0.1886111826848751,0.12127685300874602,0.06733432967612907,0.3836640041226489,0.3026480190238199,0.08101598509882901,0.17907755733058472,0.42114384748700173,-0.242066290156417,1.2007214635403245,0.5701906412478335,0.630530822292491,-0.19788714248904926
2020-08-21,MU,42.66,True,-0.302827259356104,False,0.07102672292545709,0.032697066101095684,0.0383296568243614,0.15213314580403203,-0.036850477200424114,0.18898362300445615,0.4500703234880452,0.06801578885354065,0.38205453463450456,1.0630567276136897,0.15659243548957225,0.9064642921241175,0.6474449132676983,0.2956875220926123,0.351757391175086,0.005391467416783868
2021-10-12,MU,66.72,True,-0.3118811881188118,False,0.012739808153477084,0.03925095705917614,-0.026511148905699056,0.13294364508393297,0.0778561874452286,0.055087457638704374,0.43360311750599534,0.0791476407914764,0.35445547671451894,0.16411870503597137,0.053456943867902895,0.11066176116806847,-0.22991606714628288,-0.1697338683640054,-0.060182198782277485,-0.007344124700239707
2024-07-25,MU,107.45,True,-0.3179509965722991,True,-0.05528152629129823,0.008543674894597064,-0.0638252011858953,-0.02968822708236385,0.0330788804071247,-0.06276710748948855,0.034434620753839074,0.0857710666592375,-0.05133644590539843,-0.04513727315030258,0.098865177095522,-0.1440024502458246,0.03545835272219633,0.18329897290169206,-0.14784062017949573,-0.21712424383434148
2024-10-21,MU,109.08,True,-0.3076044179256062,False,-0.024660799413274592,-0.0047975600980072475,-0.019863239315267345,-0.10606894022735602,0.007744632729640433,-0.11381357295699646,-0.03052805280528048,0.023902129774000747,-0.05443018257928123,-0.34873487348734866,-0.07885132703939135,-0.2698835464479573,0.8545104510451045,0.1501978993540427,0.7043125516910618,-0.23414008067473402
2025-03-17,MU,103.11,True,-0.3454995556684016,False,-0.05983900688585009,0.012218989685268467,-0.07205799657111855,-0.3112210260886432,-0.04942255135325746,-0.26179847473538576,0.1253030743865775,0.060319139557436285,0.06498393482914122,0.274949083503055,0.14401833730053792,0.1309307462025171,3.2847444476772383,0.17963501719121933,3.105109430486019,-0.4031616720007759
2026-03-30,MU,321.8,True,-0.31726566809521783,True,0.17333747669359845,0.043119135401996855,0.1302183412916016,0.5670913610938471,0.12614522841274112,0.44094613268110594,2.7711625233064012,0.16192224314445292,2.6092402801619485,,,,,,,-0.03203853325046613
2026-07-16,MU,853.2,True,-0.3201593625498007,True,0.16058368495077358,-0.016703964194373477,0.17728764914514705,0.11325597749648386,0.03617860187553279,0.07707737562095107,,,,,,,,,,-0.13516174402250358
2020-03-20,NEE,47.9375,True,-0.3232751014646198,True,0.2096479791395045,0.1076048951048949,0.1020430840346096,0.23916558018252942,0.2307255244755244,0.008440055707005012,0.29423728813559324,0.36783216783216766,-0.07359487969657441,0.44411994784876163,0.45930944055944045,-0.01518949271067882,0.4838070404172099,0.7110139860139859,-0.227206945596776,-0.08839634941329855
2014-04-29,NFLX,4.5696,True,-0.30159409436182727,True,0.01976102941176472,-0.005166444740346221,0.02492747415211094,0.2543767507002801,0.01933422103861515,0.23504252966166495,0.3298538165266105,0.058055925432756394,0.2717978910938541,0.11635591736694684,0.0038348868175765993,0.11252103054937024,0.7697172619047619,0.12260985352862863,0.6471074083761332,-0.030090161064425858
2014-12-01,NFLX,4.883,True,-0.3014206211819911,True,-0.006819578128199777,0.004131026438569219,-0.010950604566768996,0.004157280360434168,0.008942457231726264,-0.004785176871292096,0.38939176735613357,0.023814152410575495,0.36557761494555807,0.8020274421462217,0.024008553654743414,0.7780188884914783,1.5689125537579356,0.018468118195956507,1.550444435561979,-0.07685848863403644
2016-01-27,NFLX,9.115,True,-0.31605012380880915,True,-0.00449808008776742,0.016850050496996838,-0.021348130584764258,0.037081733406472805,0.039387657470897786,-0.00230592406442498,0.052111903455841935,0.11077446446606065,-0.05866256101021872,-0.05825562260010975,0.14915218200180735,-0.2074078046019171,0.5371365880416894,0.2098017328443098,0.3273348551973796,-0.1228743828853538
2016-04-26,NFLX,9.243,True,-0.30644556164177983,False,-0.009628908363085609,-0.013210798391728895,0.0035818900286432864,0.05907172995780585,-0.005025847214244594,0.06409757717205045,-0.06967434815536078,0.035180930499712826,-0.1048552786550736,0.09780374337336362,0.02010338885697882,0.0777003545163848,0.556096505463594,0.13521922266896413,0.4208772827946299,-0.08579465541490872
2018-10-29,NFLX,28.484,True,-0.3269535218922047,False,0.10742873191967406,0.036117638141438535,0.07131109377823552,-0.0639306277208258,0.017206094140832073,-0.08113672186165788,0.17841595281561573,-0.0003789888577276912,0.17879494167334342,0.31382530543463005,0.10751913893731535,0.2063061664973147,-0.010462013762112088,0.14947320548775855,-0.15993521924987064,-0.18821092543182139
2025-12-10,NFLX,92.71,True,-0.30872758453565974,False,0.022435551720418667,-0.023517605480169346,0.04595315720058801,-0.03505554956315393,0.009453582907922087,-0.04450913247107602,0.04562614604681259,-0.015111188678970988,0.060737334725783576,-0.12026750080897408,0.10110970519365292,-0.221377206002627,,,,-0.19091791608240738
2026-03-19,NFLX,91.74,True,-0.3159601834246729,False,0.017222585567909343,-0.022294634737799246,0.03951722030570859,0.06071506431218676,0.07629584722643235,-0.015580782914245583,-0.10976673206889032,0.14402849348287372,-0.25379522555176404,,,,,,,-0.1358186178330063
2016-01-28,NOW,12.714,True,-0.3035714285714286,True,-0.07786691835771586,0.013166939876262385,-0.09103385823397825,-0.1267893660531697,0.031621807413674485,-0.1584111734668442,0.15478999528079274,0.10311458939241702,0.051675405888375714,0.14283467044203224,0.14795621595896558,-0.005121545516933335,0.3585024382570394,0.21394955317011255,0.14455288508692687,-0.2763882334434482
2020-04-03,NOW,49.914,True,-0.31238462598154015,True,0.1361942541170813,0.11068133284983284,0.025512921267248467,0.42100412709860957,0.1425520770377533,0.27845205006085627,0.6230316143767278,0.24243523107296827,0.38059638330375956,0.8436510798573547,0.3034368830331602,0.5402141968241945,1.0315342388908921,0.6141262742253919,0.41740796466550023,0.022719076812116823
2022-01-25,NOW,99.016,True,-0.30033917467495763,True,0.18473782015027873,0.042534582364720075,0.14220323778555866,0.05982871455118355,-0.028816719221120057,0.0886454337723036,-0.006887775713016131,0.008262941054618222,-0.015150716767634353,-0.11945544154480081,-0.0971298363523374,-0.022325605192463405,-0.1043669709945868,-0.07887771307570146,-0.025489257918885344,-0.0317726428052032
2022-04-21,NOW,98.334,True,-0.30515828151498026,False,0.025118473773059202,-0.023398621193443825,0.04851709496650303,-0.1320194439359733,-0.11094370634159711,-0.021075737594376198,-0.11334838407875203,-0.10452905994612616,-0.008819324132625872,-0.24923220859519601,-0.1860475733917728,-0.06318463520342321,-0.04877255069457165,-0.059763502716522865,0.010990952021951217,-0.17328696076636774
2025-03-10,NOW,156.766,True,-0.3457670124948877,True,0.07539900233468999,0.01172000428127995,0.06367899805341004,-0.06165877805136322,-0.10025330907274621,0.038594531021382994,0.2920403658956663,0.0630596881800991,0.22898067771556718,0.17048339563425752,0.1506832209497304,0.019800174684527105,-0.222216552058482,0.20994327303863836,-0.43215982509712036,-0.13417450212418502
2018-10-24,NVDA,4.9852,True,-0.3188686979095505,True,0.05728957714835925,0.0200135685210312,0.03727600862732805,-0.2743119634116986,-0.001130710085934017,-0.2731812533257646,-0.2513439781753991,-0.007198854213779415,-0.2441451239616197,-0.06573457434004659,0.09309513040856321,-0.1588297047486098,-0.02164406643665251,0.13025780189959302,-0.15190186833624553,-0.3758525234694696
2020-03-12,NVDA,5.4078,True,-0.31616084977238246,True,-0.015440659787714028,-0.030631574704768183,0.015190914917054155,0.21561448278412665,0.12127685300874602,0.09433762977538063,0.6282037057583489,0.3026480190238199,0.32555568673452906,1.5557528015089317,0.42114384748700173,1.13460895402193,1.3056141129479641,0.5701906412478335,0.7354234717001307,-0.16472502681312173
2022-01-20,NVDA,24.15,True,-0.30296995410858085,True,-0.09134575569358172,-0.03471740346950192,-0.0566283522240798,0.0147826086956524,-0.02168998321208726,0.03647259190773966,-0.09801242236024832,-0.019653049804140954,-0.07835937255610737,-0.36347826086956514,-0.1540906547285954,-0.20938760614096974,-0.3057971014492753,-0.1300727476217124,-0.1757243538275629,-0.14492753623188404
2022-04-18,NVDA,21.783,True,-0.3712875573642739,False,-0.0863517421842721,-0.02159965294426569,-0.06475208924000642,-0.2074553550934215,-0.08648994223348638,-0.12096541285993512,-0.2943120782261397,-0.1371326803205699,-0.15717939790556978,-0.4456227333241519,-0.17165559284882526,-0.27396714047532666,0.23959050635816914,-0.05486677169669163,0.29445727805486077,-0.3547720699628151
2022-07-14,NVDA,15.372,True,-0.5563252229630271,False,0.17421285454072355,0.05525125029768985,0.1189616042430337,0.16718709341660154,0.1113492630520494,0.05583783036455214,-0.214415820973198,-0.040009526077637525,-0.17440629489556048,-0.04052823315118392,0.015479876160990669,-0.05600810931217459,1.99095758521988,0.18959540631367244,1.8013621789062075,-0.22287275565964093
2025-03-10,NVDA,106.98,True,-0.30137791419055704,True,0.11731164703682939,0.01172000428127995,0.10559164275554944,-0.08730603851187135,-0.10025330907274621,0.012947270560874857,0.32660310338380993,0.0630596881800991,0.26354341520371083,0.6281547952888391,0.1506832209497304,0.4774715743391087,0.7073284726117031,0.20994327303863836,0.4973851995730647,-0.19031594690596376
2025-04-03,ORCL,137.23,True,-0.3080026221572286,False,-0.028273701085768432,-0.022582448295137003,-0.005691252790631429,0.0983749908912046,0.056008943543879086,0.04236604734732552,0.5955694818917148,0.15082914104713985,0.4447403408445749,1.122932303432194,0.2261039686975963,0.8968283347345978,0.06667638271514975,0.22196757965343772,-0.15529119693828797,-0.13386285797566122
2025-11-07,ORCL,239.26,True,-0.3079370588915886,True,-0.06858647496447379,0.0014307644156965615,-0.07001723938017035,-0.0782412438351584,0.018868205731999987,-0.09710944956715839,-0.4295745214411101,0.00991102433789881,-0.4394855457790089,-0.24646827718799635,0.07010745636913707,-0.3165757335571334,,,,-0.4347153723982279
2026-02-09,ORCL,156.59,True,-0.5470612055999075,False,-0.01673159205568686,-0.015995388716766423,-0.0007362033389204381,-0.045916086595568006,-0.02416600619641196,-0.021750080399156047,0.23909572769653242,0.057468117299517285,0.18162761039701514,-0.0941311705728336,0.09182217739030185,-0.18595334796313545,,,,-0.14062200651382595
2026-05-06,ORCL,194.03,True,-0.4387654749508273,False,-0.022006906148533734,0.011555809928730065,-0.0335627160772638,0.21805906303149003,0.03169671449790812,0.1863623485335819,-0.2689274854403958,0.0324870882902033,-0.3014145737305991,,,,,,,-0.40988506931917745
2016-01-28,PANW,23.2967,True,-0.30301570680628265,False,0.039417599917584756,0.013166939876262385,0.02625066004132237,0.05587057394394912,0.031621807413674485,0.024248766530274635,0.07676194482480359,0.10311458939241702,-0.026352644567613437,-0.07347392549159326,0.14795621595896558,-0.22143014145055884,0.04535406302180145,0.21394955317011255,-0.1685954901483111,-0.20525224602626124
2016-05-06,PANW,22.69,True,-0.3211667913238593,False,-0.037977082415160957,-0.004666537040637797,-0.03331054537452316,0.02541648303217281,0.02736729535290694,-0.00195081232073413,-0.056928162185985065,0.04778339490569716,-0.10471155709168223,0.11245923314235351,0.03898502819366123,0.07347420494869228,-0.15058175407668584,0.16060664981528294,-0.3111884038919688,-0.15792419568091676
2020-03-09,PANW,26.4633,True,-0.3676887677203077,True,-0.1360979167375196,-0.12536921562192327,-0.010728701115596317,0.07910578045821937,-0.03416839878933742,0.11327417924755678,0.4700245245301984,0.1383874849578821,0.3316370395723163,0.6083292711037551,0.27021113663712937,0.33811813446662575,1.1081384407840291,0.3989352003792437,0.7092032404047854,-0.2097848718791685
2022-05-18,PANW,73.1,True,-0.3156500809330377,True,0.15255403556771552,0.014061144286224625,0.1384928912814909,0.06317783857729142,-0.06433420099014964,0.12751203956744106,0.2033064295485636,0.09442147705813309,0.10888495249043051,0.0545143638850889,-0.02516204767008634,0.07967641155517524,0.3099863201094393,0.05963864645536665,0.2503476736540726,-0.03887414500683983
2022-11-04,PANW,71.105,True,-0.33432693576940675,False,0.16250615287251247,0.05888136043576453,0.10362479243674794,0.1953449124534139,0.06175102962667722,0.13359388282673668,0.14302791646157087,0.10742659758203787,0.035601318879532995,0.2889388931861332,0.10405207918161286,0.18488681400452034,0.7124674776738624,0.15501527833134032,0.5574521993425221,-0.07024822445678935
2024-02-21,PANW,130.985,True,-0.31212582711899994,True,0.20681757453143468,0.01820156473120016,0.18861600980023452,0.0766499980913844,0.046801150419339965,0.029848847672044432,0.20922243004924201,0.0633132881478653,0.14590914190137672,0.27201587968087937,0.09016311015466294,0.18185276952621643,0.5178073825247165,0.22761006415800167,0.2901973183667148,0.011566209871359145
2026-02-05,PANW,154.77,True,-0.30785743034748003,False,0.051948051948051965,0.00538649980815209,0.046561552139899876,0.06642114104800667,-0.007732947669785384,0.07415408871779205,0.19247916262841636,0.05960567869897582,0.13287348392944054,1.104283775925567,0.09455151855021993,1.009732257375347,,,,-0.09821024746397888
2022-10-07,PFE,42.32,True,-0.31421163506725003,False,0.012759924385633337,-0.014223104275200571,0.026983028660833908,0.11578449905482047,0.037376994955759635,0.07840750409906083,0.18454631379962194,0.05780203423468122,0.12674427956494072,-0.035916824196597474,0.12844896496595815,-0.16436578916255562,-0.21715500945179578,0.18399073844372782,-0.4011457478955236,-0.020557655954631326
2020-03-16,PLD,64.38,True,-0.3548451748672212,True,-0.015688101894998363,-0.07046070460704612,0.05477260271204776,0.38474681578129877,0.18319783197831985,0.20154898380297892,0.4975147561354458,0.3299979153637691,0.16751684077167672,0.5782851817334578,0.4400250156347718,0.13826016609868597,0.5733146940043494,0.6429435063581406,-0.06962881235379115,-0.07082945013979491
2022-05-18,PLD,119.53,True,-0.31517130743669064,True,0.004183050280264444,0.014061144286224625,-0.00987809400596018,-0.06475361833849236,-0.06433420099014964,-0.00041941734834272104,0.15770099556596673,0.09442147705813309,0.06327951850783364,-0.08182046348197103,-0.02516204767008634,-0.05665841581188469,0.0265205387768761,0.05963864645536665,-0.03311810767849055,-0.1093449343261107
2022-09-02,PLD,121.89,True,-0.3016500515641114,False,0.06817622446468108,0.047751376708137894,0.020424847756543185,-0.14381819673476082,-0.06534264735875994,-0.07847554937600087,-0.06628927721716305,0.007622883948602999,-0.07391216116576604,0.008368200836819994,0.013996532735060185,-0.005628331898240191,0.022151119862170887,0.1502906383846625,-0.1281395185224916,-0.1957502666338502
2025-02-27,PLTR,84.77,True,-0.3240570927358265,True,-0.05084345877079155,-0.021092214340654558,-0.02975124443013699,0.06275805119735756,-0.030715323476625755,0.09347337467398331,0.45464197239589477,-0.010152978377916289,0.46479495077381106,0.8403916479886753,0.0906931031535767,0.7496985448350986,0.6036333608587945,0.17818989829929066,0.4254434625595038,-0.22000707797569885
2026-02-04,PLTR,139.54,True,-0.32758288357748655,False,-0.02766231904830141,0.008408749763185064,-0.03607106881148647,0.0940948831876165,-0.007111732901966095,0.10120661608958259,0.03246380966031248,0.05021932700855447,-0.01775551734824199,-0.11853232048158224,0.06305833661230853,-0.18159065709389077,,,,-0.12082556972910985
2026-05-01,PLTR,144.07,True,-0.3057536622976099,False,-0.043520510862774864,0.02354818566571848,-0.06706869652849334,0.11508294579024092,0.05257753417054056,0.06250541161970036,-0.14624835149580062,0.012225074585443751,-0.15847342608124437,,,,,,,-0.26167835080169355
2020-03-12,QCOM,67.02,True,-0.30310907767495066,True,-0.030140256639808904,-0.030631574704768183,0.0004913180649592785,0.0680393912264996,0.12127685300874602,-0.05323746178224642,0.36332438078185625,0.3026480190238199,0.06067636175803637,0.8205013428827217,0.42114384748700173,0.39935749539571996,0.9079379289764251,0.5701906412478335,0.33774728772859164,-0.13458669054013717
2022-04-11,QCOM,135.36,True,-0.30075421014567616,False,0.04203605200945626,0.011638479723586226,0.030397572285870034,0.010712174940898267,-0.09281232951445728,0.10352450445535555,0.004802009456264633,-0.11649845426441174,0.12130046372067638,-0.13401300236406632,-0.16664393526095655,0.03263093289689023,-0.08710106382978733,-0.06864884524458992,-0.01845221858519741,-0.1265514184397164
2022-07-11,QCOM,132.24,True,-0.31687157764231844,False,0.07146098003629753,-0.005933945813705432,0.07739492585000296,0.11774047186932846,0.07485100070270412,0.04288947116662434,-0.07463702359346647,-0.01629232490955934,-0.058344698683907126,-0.16938898971566851,-0.002056060172292651,-0.16733292954337586,-0.11433756805807627,0.14426255107617836,-0.2586001191342546,-0.1460980036297641
2016-01-28,REGN,415.11,True,-0.31492086544650366,False,-0.006070680060706879,0.013166939876262385,-0.019237619936969264,-0.05029992050299914,0.031621807413674485,-0.08192172791667363,-0.01972971019729708,0.10311458939241702,-0.1228442995897141,-0.07325769073257693,0.14795621595896558,-0.2212139066915425,-0.15942762159427626,0.21394955317011255,-0.3733771747643888,-0.15935535159355363
2016-04-25,REGN,406.92,True,-0.32843727823345925,False,-0.05504767521871634,-0.0030679257945449567,-0.051979749424171384,-0.03509289295193163,-0.016298355783519458,-0.018794537168412173,-0.054605327828565864,0.04065001677771907,-0.09525534460628493,-0.07650152364101048,0.021091989837495717,-0.0975935134785062,-0.09043546643074807,0.12453861272230471,-0.21497407915305278,-0.19126609653003057
2021-02-24,REGN,458.6,True,-0.31000240731824746,False,-0.025883122546881854,-0.02641856191132541,0.0005354393644435573,0.0037505451373744947,-0.010848201751027409,0.014598746888401903,0.1190798081116442,0.06000969956862434,0.05907010854301986,0.37069341474051454,0.14089899686040286,0.22979441788011168,0.3413214129960749,0.10837991678791137,0.2329414962081635,-0.03837767117313573
2024-10-31,REGN,838.2,True,-0.30795904887714665,True,-0.016368408494392805,0.04742895329206531,-0.06379736178645812,-0.10496301598663804,0.059633511536297146,-0.1645965275229352,-0.18506323073252207,0.06401238041643209,-0.24907561114895416,-0.2712240515390122,-0.03128517163759137,-0.23993887990142082,-0.22238129324743505,0.1994583567810917,-0.42183965002852675,-0.2051419708900024
2020-03-11,SBUX,68.3,True,-0.3150822302446852,False,-0.17525622254758422,-0.12523691500218692,-0.050019307545397296,0.04787701317715953,-0.0012027992418721656,0.0490798124190317,0.2026354319180088,0.16394518151333992,0.03869025040466889,0.23674963396778925,0.2731812217524421,-0.03643158778465283,0.5600292825768667,0.4111750984108471,0.1488541841660196,-0.26764275256222536
2016-01-21,SCHW,24.38,True,-0.31746920492721165,False,0.018047579983593076,0.012962665381113236,0.00508491460247984,0.0024610336341264194,0.02844287321227701,-0.02598183957815059,0.18334700574241203,0.12078847286946282,0.06255853287294921,0.08408531583264978,0.15121324120199264,-0.06712792536934287,0.6858080393765382,0.21458032031710328,0.47122771905943495,-0.11771944216570951
2018-12-20,SCHW,39.62,True,-0.34207904350714047,False,0.03634528016153471,0.0023465630942267612,0.03399871706730795,0.1981322564361434,0.06347857749726926,0.13465367893887414,0.12468450277637566,0.1390945503095038,-0.014410047533128134,0.03508329126703691,0.1702876562689648,-0.1352043650019279,0.22816759212518933,0.29299672290326484,-0.0648291307780755,-0.04517920242301865
2022-04-29,SCHW,66.33,True,-0.31078553615960103,True,0.01643298658224035,-0.001601941747572888,0.018034928329813238,0.06422433288104945,0.007912621359223326,0.056311711521826124,-0.057590833710236655,-0.0266019417475728,-0.030988891962663856,0.02517714458012965,-0.11308252427184462,0.13825966885197427,-0.21242273481079443,0.009538834951456243,-0.22196156976225068,-0.10523141866425445
2022-07-27,SCHW,62.51,True,-0.3504779717373233,False,0.1035034394496881,0.033438061041292544,0.07006537840839555,0.1729323308270676,0.031493117893476974,0.14143921293359063,0.0878259478483443,-0.08884400558547778,0.17666995343382208,0.30187170052791545,-0.023813085976461257,0.3256847865043767,0.06574948008318682,0.1358218631557948,-0.07007238307260799,0.004959206526955695
2020-03-18,SPGI,182.6679,True,-0.38301274419104225,True,0.17666267581769968,0.028291666666666604,0.14837100915103307,0.4219498882945498,0.16291666666666682,0.259033221627883,0.6413409252528768,0.26754166666666657,0.3737992585862102,0.7643466640827423,0.3883749999999999,0.3759716640827424,0.8055213860782324,0.6496250000000001,0.1558963860782323,-0.03283609216507111
2022-05-09,SPGI,311.0407,True,-0.32101771147858194,False,0.02004432217391483,0.004822060928748817,0.015222261245166013,0.04772333652798477,0.04412688047818758,0.003596456049797192,0.14943574908364066,0.04018384107290851,0.10925190801073215,-0.005596695223486936,-0.022980134113569695,0.01738343889008276,0.08032968032800847,0.03659241027701743,0.04373727005099104,-0.05140388380041583
2020-03-12,SYK,154.25,True,-0.3183826778612462,True,-0.030794165316045397,-0.030631574704768183,-0.00016259061127721353,0.1845705024311184,0.12127685300874602,0.06329364942237237,0.3354943273905997,0.3026480190238199,0.03284630836677982,0.2838249594813613,0.42114384748700173,-0.1373188880056404,0.5564343598055106,0.5701906412478335,-0.013756281442322882,-0.19260940032414908
2020-03-16,TJX,41.05,True,-0.36797536566589695,True,-0.1045066991473812,-0.07046070460704612,-0.03404599454033508,0.22338611449451884,0.18319783197831985,0.04018828251619899,0.3352009744214375,0.3299979153637691,0.00520305905766838,0.3524969549330086,0.4400250156347718,-0.08752806070176322,0.6282582216808772,0.6429435063581406,-0.014685284677263377,-0.20292326431181484
2013-01-10,TMUS,19.46,True,-0.3294279807029634,False,-0.03288797533401855,0.006255099265705555,-0.039143074599724104,0.01747173689619741,0.03209137884144675,-0.01461964194524934,0.1500513874614593,0.06574653249932005,0.08430485496213924,0.18448098663926005,0.09654609736197983,0.08793488927728021,0.7117163412127441,0.24775632308947504,0.46396001812326904,-0.047276464542651664
2013-11-15,TSLA,9.03,True,-0.30360076195176877,True,-0.10387596899224794,0.004221049708414304,-0.10809701870066224,0.09221483942414177,-0.004609830602610443,0.09682467002675221,0.47383167220376543,0.01643987781171896,0.45739179439204647,0.3633776301218161,0.05409608442099412,0.309281545700822,0.8582502768549283,0.1340738683698972,0.7241764084850311,-0.1428571428571428
2014-05-08,TSLA,11.906,True,-0.32607674325142777,True,0.05599697631446321,-0.0014919011082693556,0.057488877422732565,0.1656307743994625,0.041027280477408334,0.12460349392205416,0.3355703006887283,0.03308823529411753,0.30248206539461076,0.3593734251637828,0.05717178175618076,0.302201643407602,0.29027381152360143,0.1084825234441602,0.18179128807944123,-0.0076684024861414235
2014-12-16,TSLA,13.1873,True,-0.3212219477043442,False,0.11708234437678655,0.04971956950128842,0.06736277487549813,-0.030028891433424687,0.005608609974230738,-0.035637501407655425,-0.0106617730695443,0.05391339497751502,-0.06457516804705932,0.26737846261175524,0.06588853519276427,0.20148992741899097,0.10500254032288625,0.02521348087514541,0.07978905944774084,-0.06475927597006215
2015-03-16,TSLA,13.0467,True,-0.32845892526250775,False,0.02008170648516483,0.006807939399750662,0.013273767085414168,0.0600918239861421,0.004362834404065596,0.055728989582076505,0.28103658396376097,0.011362546744654312,0.26967403721910665,0.25482305870450017,-0.06247003547799401,0.3172930941824942,0.06029110809630023,-0.027902962891936056,0.08819407098823628,-0.07307595024029068
2016-01-13,TSLA,13.354,True,-0.30120355834641555,False,-0.0016998652089260657,-0.011332944976963466,0.0096330797680374,-0.24881683390744347,-0.03161573902451942,-0.21720109488292405,0.2476636213868506,0.08044272626171689,0.16722089512513372,0.07054066197394038,0.11031086162156423,-0.03977019964762385,0.14757376067096017,0.199279775459408,-0.05170601478844783,-0.29584394189007035
2018-03-28,TSLA,17.1853,True,-0.33836528836528834,False,0.18597289543970708,0.0223607743524612,0.16361212108724588,0.10745811827550278,0.02493938344302049,0.08251873483248229,0.29424566344492087,0.05738367394065369,0.23686198950426718,0.10543895073114795,0.11961667243967233,-0.014177721708524382,0.06614373912588078,0.0762806450371396,-0.01013690591125882,-0.05116582195248265
2020-02-28,TSLA,44.5327,True,-0.31063184895192364,True,0.053129498099149686,0.004050496185782793,0.04907900191336689,-0.22998830073182175,-0.1446027138324445,-0.08538558689937725,0.22586997868981662,0.009518666036589352,0.21635131265322727,1.8122099041827688,0.13829069060959975,1.673919213573169,4.106510496781017,0.2905218389252684,3.815988657855749,-0.4752777172729252
2020-09-08,TSLA,110.07,True,-0.342852724859654,True,0.36204233669483044,0.02088772845953013,0.3411546082353003,0.2536867447987645,0.0051619099066655405,0.24852483489209898,0.7226010720450622,0.1007772875964108,0.6218237844486514,1.0787980376124287,0.16004921821073803,0.9187488194016906,1.2215253929317709,0.3597431049488311,0.8617822879829398,0.034220950304351794
2021-03-04,TSLA,207.1467,True,-0.3098176710148457,True,0.1257722184326373,0.04467746217148916,0.08109475626114815,0.06486514146737554,0.06347225909211573,0.0013928823752598074,0.00608264577712303,0.11505176533050188,-0.10896911955337885,0.1400775392511684,0.18919564640297337,-0.04911810715180498,0.3909142651077713,0.14143881072471465,0.24947545438305663,-0.13187127769836549
2021-05-28,TSLA,208.4067,True,-0.30561953638599915,False,-0.032132844097622515,0.005118560137129746,-0.03725140423475226,0.10156391325230896,0.01768879154366254,0.08387512170864642,0.13318477764870318,0.06649366726978378,0.0666911103789194,0.7418024468503173,0.11451290353299681,0.6272895433173205,0.05370892586466747,-0.05397105037615468,0.10767997624082215,-0.0863695840872678
2022-01-27,TSLA,276.3667,True,-0.33324752645799116,True,0.07482811785935128,0.03561821723402292,0.039209900625328364,-0.023193821831645978,0.015096002226138605,-0.03828982405778458,0.2037387282910712,-0.006330581578703365,0.21006930986977457,-0.01686165518494076,-0.07524812169557549,0.05838646651063473,-0.4200820865900269,-0.06142751136258229,-0.3586545752274446,-0.1557112343853293
2022-05-06,TSLA,288.55,True,-0.3038545300843166,False,-0.11096863628487275,-0.0233869791413428,-0.08758165714352995,-0.174215907121816,0.0010939855107698904,-0.1753098926325859,0.06531519667302033,0.007560655418874962,0.057754541254145364,-0.21992722231848905,-0.0762386347060825,-0.14368858761240655,-0.4106394039161324,0.0031360917975398195,-0.4137754957136722,-0.2831166175706118
2022-08-05,TSLA,288.17,True,-0.3047713045725092,False,0.04115626192872246,0.032964906764698654,0.008191355164023806,-0.06232432244855479,-0.05134592594384124,-0.01097839650471355,-0.21039664087170773,-0.06592981352939764,-0.1444668273423101,-0.38265607106916055,-0.01884054465862095,-0.3638155264105396,-0.11906166498941595,0.08063462887271133,-0.19969629386212728,-0.3108581739945172
2023-10-26,TSLA,205.76,True,-0.3125062648267567,False,0.06196539657853806,0.0441401042297902,0.017825292348747857,0.14429432348367022,0.10362380317537268,0.04067052030829754,0.010060264385692186,0.17656041691916124,-0.16650015253346906,-0.2853324261275272,0.20024239486122908,-0.48557482098875626,0.2659409020217731,0.40404799418252324,-0.13810709216075012,-0.0568137636080871
2026-04-07,TSLA,346.65,True,-0.3050738728624983,False,0.05062743401125047,0.0534571159855588,-0.002829681974308329,0.12323669407183035,0.09791875246503445,0.025317941606795902,0.13500649069666815,0.12978975152452898,0.005216739172139162,,,,,,,-0.027116688302322167
2020-03-16,TXN,93.5,True,-0.3109801031687546,True,0.05283422459893039,-0.07046070460704612,0.12329492920597651,0.18663101604278087,0.18319783197831985,0.0034331840644610256,0.40534759358288786,0.3299979153637691,0.07534967821911875,0.515187165775401,0.4400250156347718,0.07516215014062921,0.8563636363636362,0.6429435063581406,0.21342013000549565,0.006951871657754127
2024-12-13,UBER,59.93,True,-0.31114942528735634,True,0.01334890705823466,-0.02161500140679573,0.03496390846503039,0.11830468880360412,-0.01891726386521253,0.13722195266881665,0.19389287502085772,-0.06851922344880101,0.26241209846965874,0.4415151009511096,-0.0018702106883368153,0.4433853116394464,0.3659269147338562,0.1266447096208272,0.239282205113029,-0.01001168029367594
2026-02-11,UBER,71.01,True,-0.30375527012452197,False,0.02717927052527802,-0.010809873403086923,0.037989143928364943,0.027601746232924773,-0.03742990924330902,0.0650316554762338,0.06252640473172799,0.0659864732065436,-0.003460068474815614,-0.039853541754682364,0.11247759986126349,-0.15233114161594585,,,,-0.03591043514997905
2020-03-20,UNH,206.59,True,-0.32643213458967746,True,0.17358052180647654,0.1076048951048949,0.06597562670158164,0.3657001790986978,0.2307255244755244,0.13497465462317337,0.41826806718621423,0.36783216783216766,0.050435899354046576,0.4744179292318118,0.45930944055944045,0.015108488672371356,0.7525049615179824,0.7110139860139859,0.0414909755039965,-0.09134033593107127
2020-03-12,UNP,132.05,True,-0.3011748518204911,True,-0.07875804619462323,-0.030631574704768183,-0.04812647148985505,0.12631578947368394,0.12127685300874602,0.005038936464937915,0.3756910261264672,0.3026480190238199,0.07304300710264733,0.4827716773949262,0.42114384748700173,0.06162782990792448,0.6139341158652025,0.5701906412478335,0.04374347461736905,-0.2042408178720183
2022-09-30,UNP,194.82,True,-0.301570230157023,False,0.00410635458371833,0.015706366537880045,-0.011600011954161715,0.01965917256955141,0.08914272915616772,-0.06948355658661631,0.07956062005954223,0.06780894786942149,0.011751672190120743,-0.03238887177907812,0.1079847695839633,-0.14037364136304142,0.045221229853197764,0.1968195307688001,-0.15159830091560234,-0.057078328713684456
2020-03-18,V,148.48,True,-0.3067189615725825,True,0.08957435344827602,0.028291666666666604,0.06128268678160942,0.0938846982758621,0.16291666666666682,-0.06903196839080472,0.29485452586206895,0.26754166666666657,0.027312859195402384,0.3477909482758621,0.3883749999999999,-0.040584051724137815,0.5133351293103448,0.6496250000000001,-0.13628987068965537,-0.09799299568965503
2013-11-06,VRTX,62.6,True,-0.30413517118719424,False,-0.022364217252396124,0.006829598690523353,-0.029193815942919477,0.06150159744408956,0.009990404696054611,0.05151119274803495,0.26437699680511195,-0.010046847660439173,0.2744238444655511,0.1014376996805113,0.06299034825309047,0.03844735142742084,0.8226837060702874,0.13489868487892998,0.6877850211913574,-0.07252396166134178
2015-09-28,VRTX,98.5,True,-0.3133495991634715,True,0.16263959390862937,0.055635338545822144,0.10700425536280722,0.16517766497461928,0.10100526567735768,0.0641723992972616,0.2460913705583756,0.08238923461518,0.1637021359431956,-0.14700507614213199,0.08861230785596508,-0.23561738399809706,-0.07989847715736043,0.14882187117706525,-0.22872034833442567,-0.010659898477157315
2016-01-13,VRTX,96.37,True,-0.3281979783896827,False,-0.013489675210127783,-0.011332944976963466,-0.0021567302331643168,-0.17287537615440496,-0.03161573902451942,-0.14125963712988554,-0.12348241153886075,0.08044272626171689,-0.20392513780057764,-0.06962747743073583,0.11031086162156423,-0.17993833905230006,-0.13946248832624253,0.199279775459408,-0.33874226378565053,-0.2124105011933174
2020-10-21,VRTX,211.38,True,-0.3093962362780972,False,-0.01438168227836123,-0.04688822104863888,0.03250653877027765,0.023512158198505162,0.03953549441251125,-0.01602333621400609,0.09712366354432778,0.10480553205146892,-0.007681868507141143,0.045983536758444465,0.213404137367607,-0.16742060060916253,-0.12285930551613211,0.3148542584541767,-0.4377135639703088,-0.04167849370801402
