,ticker,close,ret3y,sma200_rising,strong,hi252,dd,fresh,r5,spy5,x5,r20,spy20,x20,r60,spy60,x60,r120,spy120,x120,r250,spy250,x250,worst60
2018-07-19,AA,41.56,0.6955929271417265,True,True,62.35,-0.33344025661587806,False,0.030317613089509088,0.011928571428571288,0.0183890416609378,-0.0026467757459095465,0.014499999999999957,-0.017146775745909504,-0.1417228103946102,-0.014464285714285707,-0.1272585246803245,-0.30269489894128976,-0.0754285714285714,-0.22726632751271836,-0.43671799807507217,0.06725000000000003,-0.5039679980750722,-0.154716073147257
2018-10-12,AA,35.67,0.47995402890204586,True,True,62.35,-0.427906976744186,False,0.08214185590131762,0.00108715346983157,0.08105470243148605,-0.0367255396691899,0.00655915926798345,-0.04328469893717335,-0.1875525651808243,-0.06185903243341184,-0.12569353274741246,-0.16848892626857304,0.046530168508787995,-0.21501909477736103,-0.4594897673114662,0.07367276680558077,-0.533162534117047,-0.29885057471264365
2022-04-22,AA,67.37,1.3958036984352775,True,True,98.09,-0.31318177184218576,True,0.0063826629063379325,-0.03295465214533855,0.03933731505167648,-0.10093513433278911,-0.08546145901793267,-0.015473675314856439,-0.3311563010241948,-0.07339686414421187,-0.25775943687998293,-0.3932017218346445,-0.14099615059618809,-0.25220557123845644,-0.43357577556776017,-0.032485212656088724,-0.40109056291167144,-0.412720795606353
2022-07-20,AA,45.06,0.9498052790999569,True,True,98.09,-0.5406259557549189,False,0.05969818020417206,0.015882665856068234,0.04381551434810382,0.15357301375943178,0.08075588317248017,0.0728171305869516,-0.09276520195295157,-0.07295387187476243,-0.019811330078189138,0.1757656458055925,-0.01061377510955741,0.18637942091514992,-0.22680869951176208,0.15307647490944087,-0.37988517442120295,-0.25543719485130945
2022-10-13,AA,40.88,1.1324986958789776,True,True,98.09,-0.5832398817412581,False,-0.048189823874755566,-0.0015301800694046408,-0.046659643805350925,0.07216242661448136,0.07847637784517847,-0.006313951230697112,0.29598825831702524,0.0672459491215125,0.22874230919551275,-0.04207436399217235,0.11809711178511884,-0.16017147577729118,-0.34197651663405093,0.18496051588928042,-0.5269370325233314,-0.13405088062622317
2026-08-21,AA,51.85,0.7690208120095532,True,True,84.38,-0.3855178952358378,True,-0.02950819672131144,0.004740636263908415,-0.03424883298521986,,,,,,,,,,,,,-0.05988428158148518
2014-10-10,AAL,30.78,4.907869481765835,True,True,44.88,-0.31417112299465244,False,0.08447043534762844,-0.010863860606696751,0.09533429595432519,0.4035087719298247,0.06717749553899455,0.33633127639083016,0.7222222222222221,0.06177180644484093,0.6604504157773812,0.5620532813515269,0.09074210139603234,0.47131117995549454,0.29109811565951915,0.055998740421958626,0.23509937523756053,-0.08706952566601689
2015-07-01,AAL,38.8,1.9151014274981213,True,True,56.2,-0.309608540925267,False,0.022422680412371276,-0.012530120481927698,0.034952800894298974,0.03788659793814442,0.016000000000000014,0.021886597938144403,0.03711340206185576,-0.07060240963855424,0.10771581170041,0.09278350515463929,-0.028096385542168756,0.12087989069680805,-0.3100515463917526,-0.020722891566265167,-0.2893286548254874,-0.1211340206185566
2015-09-28,AAL,39.08,2.7183634633682208,True,True,56.2,-0.304626334519573,False,0.028403275332650857,0.055635338545822144,-0.027232063213171287,0.1890992835209826,0.10100526567735768,0.08809401784362492,0.0977482088024566,0.08238923461518,0.015358974187276608,0.11233367451381793,0.08861230785596508,0.02372136665785285,-0.09032753326509724,0.14882187117706525,-0.23914940444216248,-0.0424769703172978
2025-03-04,AFRM,57.01,0.4547078336310284,True,True,82.527,-0.3091957783513275,True,-0.17961761094544804,-0.03629996879658848,-0.14331764214885956,-0.20171899666725135,-0.027545678327497103,-0.17417331833975425,-0.08700228030170143,0.022865166591547137,-0.10986744689324857,0.3574811436590073,0.11373643518358012,0.24374470847542717,-0.16102438168742328,0.17936761085878716,-0.34039199254621044,-0.4579722855639361
2025-05-29,AFRM,52.05,1.1227569331158236,True,True,82.527,-0.369297320876804,False,0.0703170028818445,0.005084314888568864,0.06523268799327564,0.307588856868396,0.042132022709939765,0.2654568341584562,0.4868395773294909,0.0888399288195918,0.3979996485098991,0.2620557156580212,0.11868485721549038,0.14337085844253084,0.40249759846301636,0.27887467163799684,0.12362292682501952,-0.02824207492795383
2025-10-16,AFRM,69.07,2.569509043927648,True,True,100.0,-0.3093,True,0.09367308527580742,0.01683216275127153,0.07684092252453589,0.059504850152019895,0.017255994187454604,0.04224885596456529,0.09989865353988714,0.05014834100266419,0.04975031253722295,-0.2973794701027942,0.028487527246306765,-0.32586699734910096,,,,-0.12711741711307367
2026-01-26,AFRM,68.71,4.608979591836734,True,True,100.0,-0.31290000000000007,False,-0.09780235773540957,0.003868751172895646,-0.10167110890830522,-0.30330374035802643,-0.007766373623200984,-0.29553736673482545,-0.030999854460777132,0.026677060326534274,-0.057676914787311406,0.09620142628438355,0.07125431264706306,0.024947113637320495,,,,-0.3873526415368942
2026-04-22,AFRM,66.58,4.784535186794092,True,True,100.0,-0.33420000000000005,False,-0.046560528687293545,0.0005202401541035684,-0.047080768841397114,0.008110543706818962,0.042237876295327714,-0.03412733258850875,0.1312706518474016,0.043418962050589816,0.0878516897968118,,,,,,,-0.10258335836587562
2021-06-04,AMC,479.1,2.2927835051546395,True,True,726.2,-0.34026438997521347,True,0.03109997912753082,0.004046379555134871,0.027053599572395948,0.08453350031308693,0.026313298627543835,0.058220201685543094,-0.0955959089960342,0.0701135825840038,-0.165709491580038,-0.18263410561469418,0.10787979176526252,-0.2905138973799567,-0.7326236693800877,-0.03078561287269299,-0.7018380565073947,-0.39657691504905024
2021-08-30,AMC,433.3,1.2626631853785901,True,True,726.2,-0.4033324153125861,False,0.10385414262635595,-0.0017026734183933634,0.10555681604474931,-0.14631894761135478,-0.04093049996683107,-0.10538844764452371,-0.09623817216708974,0.03529177630851543,-0.13152994847560517,-0.5868912993307178,-0.039802755235167964,-0.5470885440955499,-0.7883683360258481,-0.10375251531300445,-0.6846158207128437,-0.22132471728594516
2021-11-23,AMC,391.6,1.8091822094691534,True,True,726.2,-0.460754613054255,False,-0.27042900919305424,-0.03778380571990003,-0.2326452034731542,-0.26762002042900923,-0.0010679425019757272,-0.2665520779270335,-0.5429009193054137,-0.07253465473418907,-0.47036626457122466,-0.6705822267620021,-0.12787543518656952,-0.5427067915754326,-0.8143513789581205,-0.1572011362908221,-0.6571502426672984,-0.6578140960163432
2022-03-28,AMC,293.3,0.9857819905213272,True,True,726.2,-0.5961167722390526,False,-0.20525059665871126,0.0019521396766906118,-0.20720273633540187,-0.47153085577906584,-0.08731986576297956,-0.3842109900160863,-0.5891578588475963,-0.1707573863262486,-0.4184004725213477,-0.6870098874872145,-0.14774845912570467,-0.5392614283615098,-0.8448687350835322,-0.1303327411111842,-0.714535993972348,-0.6692806000681896
2022-07-01,APA,35.35,0.2901459854014601,True,True,51.95,-0.3195380173243504,True,-0.03224893917963223,0.00784282866435837,-0.0400917678439906,0.01867043847241856,0.07745776938411497,-0.05878733091169641,-0.07553041018387563,-0.04684713041653554,-0.028683279767340086,0.3202263083451202,0.013088867904731849,0.3071374404403884,-0.03338048090523338,0.16273213723638635,-0.19611261814161973,-0.14710042432814718
2022-09-27,APA,32.68,0.29323308270676685,True,True,51.95,-0.3709335899903754,False,0.19828641370869016,0.04015080631845458,0.15813560739023558,0.38310893512851907,0.059276790137046564,0.3238321449914725,0.42809057527539784,0.06288183169134243,0.3652087435840554,0.07221542227662181,0.09777643238483136,-0.025561010108209548,0.25611995104039154,0.17199625736143975,0.08412369367895178,0.006119951040391758
2023-03-10,APA,35.95,2.331788693234477,True,True,51.95,-0.30798845043310874,False,-0.11710709318497925,0.010572413256976887,-0.12767950644195614,0.08734353268428374,0.061413282889792864,0.02593024979449088,-0.07260083449235044,0.10914461921173313,-0.18174545370408357,0.2194714881780251,0.16698193879401924,0.05248954938400585,-0.14297635605006964,0.32600865486771524,-0.4689850109177849,-0.14687065368567453
2023-06-06,APA,33.34,1.5646153846153847,True,True,51.95,-0.3582290664100096,False,0.011097780443911187,0.02016213816788559,-0.009064357723974403,0.009298140371925445,0.02717099268742862,-0.017872852315503174,0.3149370125974804,0.05214587762540024,0.2627911349720802,0.08998200359928021,0.061794734013971064,0.02818726958530915,-0.13137372525494906,0.23446954652711272,-0.3658432717820618,-0.03659268146370742
2015-08-24,BBY,29.27,0.6117841409691629,True,True,42.0,-0.3030952380952381,False,0.2552101127434234,0.04311345646437981,0.21209665627904362,0.2630679877007174,0.023271767810026267,0.2397962198906911,0.04919713016740701,0.08427440633245387,-0.035077276165046856,0.007857874957294175,0.0014775725593667577,0.006380302397927418,0.11342671677485483,0.15324538258575204,-0.039818665810897214,0.03553126067646062
2018-12-10,BBY,58.66,0.9008425145819832,True,True,84.37,-0.30472916913594883,False,-0.10961472894647117,-0.032983678570076,-0.07663105037639517,-0.014149335151721787,-0.023099935623130063,0.008950600471408277,0.14848278213433352,0.03934562805316766,0.10913715408116587,0.09001022843504947,0.06233195743552833,0.027678270999521137,0.3987384930105695,0.19237323436967468,0.20636525864089483,-0.1864984657347426
2020-03-12,BBY,55.4,0.2366071428571428,True,True,91.99,-0.39776062615501684,True,-0.011732851985559511,-0.030631574704768183,0.01889872271920867,0.19115523465703954,0.12127685300874602,0.06987838164829352,0.5104693140794225,0.3026480190238199,0.20782129505560265,1.048736462093863,0.42114384748700173,0.6275926146068613,0.9521660649819497,0.5701906412478335,0.3819754237341162,-0.13158844765342959
2021-12-20,BBY,95.77,0.8793171114599685,True,True,141.97,-0.3254208635627246,True,0.03915631199749403,0.04811200492329326,-0.00895569292579923,0.03738122585360748,-0.007099213152226502,0.04448043900583398,0.03675472486164777,-0.03057277242955736,0.06732749729120513,-0.2748251018064112,-0.17578794672293296,-0.09903715508347821,-0.1700950193171138,-0.15761132357466268,-0.012483695742451117,-0.10640075180119035
2015-07-24,BIIB,300.03,1.1097672456226704,True,True,480.18,-0.3751718105710359,False,0.06249375062493745,0.012019230769230838,0.05047451985570661,-0.014631870146318615,-0.04889423076923072,0.0342623606229121,-0.09002433090024331,-0.022259615384615405,-0.0677647155156279,-0.06486018064860177,-0.07725961538461534,0.01239943473601357,-0.05859414058594137,0.039759615384615365,-0.09835375597055673,-0.1534179915341798
2015-10-19,BIIB,273.02,0.8273207951275015,True,True,480.18,-0.4314215502519889,False,0.005787121822577346,0.01784924030092938,-0.012062118478352035,0.038495348326129886,0.011063578698923049,0.027431769627206837,0.027653651747124863,-0.056252151251413696,0.08390580299853856,-0.01981539813933031,0.012538722525446078,-0.03235412066477639,0.06402461358142264,0.04794217436200032,0.016082439219422318,-0.03871511244597459
2025-04-22,COIN,190.0,0.2899721637585715,True,True,349.75,-0.4567548248749107,False,0.08489473684210513,0.05134186818397346,0.033552868658131674,0.37568421052631584,0.12441915599810338,0.25126505452821246,1.2093684210526314,0.19028923660502617,1.0190791844476053,0.8788947368421054,0.25754385964912263,0.6213508771929828,0.031315789473684186,0.3353816974869608,-0.3040659080132766,0.008000000000000007
2025-08-05,COIN,297.99,3.733005082592122,True,True,444.65,-0.329832452490723,True,0.08265378032819881,0.023440610220233582,0.05921317010796523,0.014497130776200517,0.025112664617736424,-0.010615533841535907,0.16987147219705356,0.09462235457107826,0.0752491176259753,-0.2924930366790832,0.10752105992324479,-0.400014096602328,-0.4941776569683547,0.22829116040575181,-0.7224688173741065,-0.021913487029766143
2025-11-04,COIN,307.32,3.264187595393368,True,True,444.65,-0.3088496570336219,False,-0.010770532344136385,0.011492210177122208,-0.022262742521258594,-0.09891969282832225,0.012810260055683864,-0.11172995288400611,-0.38871534556813736,0.029870860730999205,-0.41858620629913657,-0.40866198099700635,0.05381790178306978,-0.4624798827800761,,,,-0.3977612911623063
2026-02-02,COIN,187.86,2.5431912485854395,True,True,444.65,-0.5775104014393342,False,-0.10970935803257753,-0.002099480881781912,-0.10760987715079562,-0.029277121260513184,-0.02168504910772051,-0.007592072152792673,-0.03263068242308109,0.023252469766037454,-0.055883152189118546,-0.10843181092302778,0.06281186638098402,-0.1712436773040118,,,,-0.2581709783881614
2025-03-10,CRWD,77.215,0.6168987540571669,True,True,113.8975,-0.32206589257885376,True,0.1812147898724341,0.01172000428127995,0.16949478559115416,0.05018454963413843,-0.10025330907274621,0.15043785870688464,0.49116104383863224,0.0630596881800991,0.42810135565853313,0.37181894709577135,0.1506832209497304,0.22113572614604093,0.4055882924302272,0.20994327303863836,0.19564501939158885,-0.03516156187269315
2026-02-05,CRWD,94.29,2.561473087818697,True,True,141.725,-0.3346974775092608,True,0.09115494750238629,0.00538649980815209,0.0857684476942342,0.1374217838583094,-0.007732947669785384,0.14515473152809477,0.24414041785979412,0.05960567869897582,0.1845347391608183,0.9643652561247216,0.09455151855021993,0.8698137375745016,,,,-0.09131403118040093
2020-04-30,CVNA,16.022,6.217117117117116,True,True,23.046,-0.304781740866094,True,0.21919860192235685,-0.009639217846323378,0.22883781976868023,0.16065410061165908,0.04764527678325514,0.11300882382840394,0.8827861690176011,0.11270999724593778,0.7700761717716633,1.4963175633503938,0.18211236573946565,1.3142051976109281,2.6635875670952442,0.43693197466262723,2.226655592432617,-0.10672824865809505
2021-05-13,CVNA,44.774,7.140727272727274,True,True,64.678,-0.30773988063947555,True,0.07968910528431672,0.012186799259042536,0.06750230602527418,0.22687273864296253,0.03419615872087367,0.19267657992208886,0.5917273417608433,0.07762991128010155,0.5140974304807417,0.34140349309867335,0.1258165155503559,0.21558697754831746,-0.8361549113324698,-0.02727405674173733,-0.8088808545907324,-0.01996694510206809
2021-12-03,CVNA,52.27,5.0977601493233795,True,True,75.366,-0.30645118488443057,False,0.03623493399655642,0.038198579683295764,-0.001963645686739346,-0.08310694471015878,0.05357064090688546,-0.13667758561704424,-0.4696384159173522,-0.03425080499316313,-0.4353876109241891,-0.8810407499521714,-0.10610471527502097,-0.7749360346771504,-0.9688922900325234,-0.10153941158307977,-0.8673528784494436,-0.5886741916969581
2025-03-07,CVNA,37.694,0.3597143063271049,True,True,58.568,-0.3564062286572872,True,-0.03867989600466937,-0.022763578274760388,-0.01591631772990898,-0.1374224014432005,-0.12265592443394913,-0.014766477009251378,0.8046373428131797,0.03502222530907084,0.7696151175041088,1.0023345890592665,0.1267537157938603,0.8755808732654062,0.6856794184750887,0.16748854007501057,0.5181908784000782,-0.21340266355388138
2026-02-19,CVNA,66.558,29.198729582577133,True,True,97.378,-0.3164985931113803,True,0.06343339643619084,0.007041841982234676,0.05639155445395616,-0.11601911115117658,-0.03605656848994865,-0.07996254266122793,0.009194987830163148,0.07990007012622713,-0.07070508229606398,0.08897502929775536,0.1285793595137914,-0.03960433021603604,,,,-0.18170618107515257
2026-05-15,CVNA,67.17,24.539923954372625,True,True,97.378,-0.3102138059931401,False,0.016525234479678463,0.008753060865565487,0.007772173614112976,0.025755545630489873,0.021185924753439833,0.00456962087705004,0.07905314872711044,0.045077587023282906,0.03397556170382754,,,,,,,-0.1645079648652673
2016-06-24,DAL,35.18,0.9382920110192838,True,True,52.77,-0.33333333333333337,False,0.04519613416714052,0.03286754575870887,0.012328588408431651,0.10744741330301322,0.06598110608148011,0.041466307221533105,0.06964184195565681,0.050088565243062266,0.019553276712594547,0.4161455372370666,0.1113953946073607,0.3047501426297059,0.5011370096645822,0.19484353473725635,0.30629347492732584,-0.07333712336554854
2025-03-11,DAL,46.68,0.3522595596755502,True,True,69.98,-0.3329522720777366,True,-0.016281062553556103,0.009173981867894643,-0.025455044421450745,-0.23136246786632386,-0.10692185926032516,-0.1244406086059987,0.046272493573264795,0.06679018563822137,-0.020517692064956572,0.3095544130248502,0.15173046481508146,0.15782394820976875,0.2697086546700944,0.21812491005900125,0.05158374461109316,-0.255784061696658
2025-11-06,DASH,196.46,3.35609756097561,True,True,285.5,-0.3118739054290718,True,-0.006362618344701199,0.00258089540660289,-0.008943513751304089,0.14527130204621796,0.0229446077188169,0.12232669432740106,-0.0032067596457293623,0.023690531246736812,-0.026897290892466175,-0.10495775221419124,0.07509958079097734,-0.18005733300516857,,,,-0.0733991652244732
2026-02-04,DASH,195.83,2.4623408769448374,True,True,285.5,-0.3140805604203152,False,-0.10396772711024871,0.008408749763185064,-0.11237647687343377,-0.06306490323239555,-0.007111732901966095,-0.05595317033042946,-0.10207833324822557,0.05021932700855447,-0.15229766025678004,-0.01174488076392799,0.06305833661230853,-0.07480321737623652,,,,-0.2682428637083184
2025-12-16,DDOG,140.05,0.8783530042918455,True,True,201.69,-0.3056175318558183,True,0.00842556229917868,0.013389897918600013,-0.004964335619421334,-0.13702249196715466,0.01969449231811682,-0.15671698428527148,-0.09625133880756886,-0.014494674974590227,-0.08175666383297864,0.6253480899678685,0.0685845596358654,0.5567635303320031,,,,-0.3001785076758301
2026-03-16,DDOG,126.57,0.8104706050636532,True,True,201.69,-0.37245277405919974,False,0.021016038555739858,-0.02040267252589567,0.04141871108163553,-0.12641226198941302,0.03801025365080801,-0.16442251564022103,0.7984514497906297,0.08430115241468994,0.7141502973759397,0.6823101840878567,0.15120398188422057,0.5311062022036361,,,,-0.2036422532985699
2021-05-05,DOCU,196.47,3.682316491897045,True,True,290.23,-0.3230541294835131,False,-0.04417977299333231,-0.024870715574263347,-0.019309057419068965,-0.008754517229093484,0.007263980757666877,-0.01601849798676036,0.5169746017203645,0.0547444377630788,0.46223016395728567,0.4142617193464653,0.09573060733613947,0.3185311120103258,-0.5631394105970378,-0.0030547203848466653,-0.5600846902121911,-0.08642540845930669
2021-12-03,DOCU,135.09,2.1770931326434617,True,True,314.76,-0.5708158597026305,False,0.06950921607817007,0.038198579683295764,0.0313106363948743,0.16226219557332144,0.05357064090688546,0.10869155466643599,-0.15315715448959955,-0.03425080499316313,-0.11890634949643641,-0.40180620327189276,-0.10610471527502097,-0.2957014879968718,-0.6425346065585906,-0.10153941158307977,-0.5409951949755109,-0.2597527574209786
2022-06-23,DVN,54.74,0.9606017191977076,True,True,79.4,-0.3105793450881612,True,0.006759225429302074,-0.002142517060784055,0.008901742490086129,0.008220679576178114,0.04504575993228577,-0.03682508035610765,0.2038728534892218,0.027746918478548377,0.17612593501067342,0.13226160029229073,0.06324392953499447,0.06901767075729626,-0.12879064669346008,0.15460508913929005,-0.28339573583275013,-0.10741687979539649
2022-09-26,DVN,55.18,1.233104006475111,True,True,79.4,-0.30503778337531495,False,0.183943457774556,0.006313304603222658,0.17763015317133335,0.363537513591881,0.039965963053443465,0.32357155053843756,0.07575208408843781,0.0445499711783921,0.03120211291004571,-0.1482421167089525,0.08078284977079964,-0.22902496647975212,-0.1389996375498369,0.18643462984820625,-0.32543426739804315,0.0027183762232692033
2023-02-17,DVN,53.33,1.3472711267605635,True,True,79.4,-0.3283375314861462,False,0.02231389461841382,-0.02340028483032941,0.04571417944874323,-0.11869491843240199,-0.03319746599224083,-0.08549745244016116,-0.1350084380273766,0.007341747286745637,-0.14235018531412225,-0.054753422088880566,0.09426410646761285,-0.14901752855649342,-0.1850740671291955,0.2265137749840398,-0.4115878421132353,-0.17438589911869484
2022-01-27,EBAY,56.7,0.6829919857524489,True,True,81.19,-0.3016381327749722,False,0.00864197530864197,0.03561821723402292,-0.02697624192538095,-0.03703703703703709,0.015096002226138605,-0.052133039263175696,-0.05414462081128746,-0.006330581578703365,-0.047814039232584093,-0.17724867724867732,-0.07524812169557549,-0.10200055555310183,-0.13298059964726638,-0.06142751136258229,-0.0715530882846841,-0.1264550264550265
2019-09-03,ETSY,50.3,2.734224201930215,True,True,73.345,-0.3142000136341946,False,0.004572564612326024,0.02541789915388315,-0.020845334541557126,0.09940357852882697,0.008598748022287994,0.09080483050653898,-0.1375745526838965,0.08027791153608033,-0.21785246421997684,-0.00815109343936371,0.0753594276673315,-0.08351052110669521,1.3789264413518887,0.2058196326614843,1.1731068086904044,-0.208548707753479
2019-11-26,ETSY,43.38,2.3064024390243905,True,True,73.345,-0.40854863998909263,False,-0.028584601198709092,-0.008341823739174803,-0.02024277745953429,0.04679575841401551,0.028209373408048855,0.018586385005966655,0.1500691562932226,-0.004552980132450313,0.1546221364256729,0.7357076994006453,-0.054603922567498686,0.790311621968144,2.2319041032733975,0.1381176770249617,2.093786426248436,-0.08344859382203795
2021-05-06,ETSY,157.68,4.154625694671462,True,True,251.86,-0.37393790200905264,True,-0.0069127346524606725,-0.02097501610709429,0.014062281454633618,0.04122272957889406,0.008423413749492958,0.0327993158294011,0.1979325215626584,0.04419309423246709,0.1537394273301913,0.5697615423642821,0.08802825303648554,0.4817332893277966,-0.3624429223744292,-0.006418975350180101,-0.3560239470242491,-0.02460679857940129
2022-01-03,ETSY,209.93,3.5607212687377796,True,True,307.75,-0.31785540211210395,True,-0.1248987757824036,-0.025538506625358504,-0.0993602691570451,-0.27518696708426627,-0.05183060852818655,-0.22335635855607971,-0.3590244367170009,-0.03979401729082499,-0.3192304194261759,-0.6158243223931787,-0.1865566975780285,-0.42926762481515024,-0.42942885723812696,-0.19945155010361926,-0.2299773071345077,-0.4789691802029248
2023-04-21,ETSY,102.05,0.6628645918201075,True,True,149.91,-0.31925822159962647,True,-0.009995100440960303,0.009049005337214977,-0.01904410577817528,-0.1268985791278785,0.015574963609898074,-0.14247354273777657,-0.0584027437530622,0.10431829209121779,-0.16272103584428,-0.3654091131798137,0.05206210577389636,-0.4174712189537101,-0.34581087702106805,0.2012615235322659,-0.547072400553334,-0.21175894169524745
2022-02-04,F,17.96,1.0596330275229358,True,True,25.87,-0.30575956706609975,True,-0.02282850779510026,-0.01836416313795408,-0.00446434465714618,-0.1108017817371938,-0.06523289503008689,-0.045568886707106904,-0.18930957683741645,-0.07203030978381986,-0.11727926705359659,-0.18207126948775065,-0.08181412970804547,-0.10025713977970518,-0.2633630289532294,-0.08101181190104745,-0.18235121705218194,-0.23051224944320714
2022-07-26,F,12.54,0.3117154811715479,True,True,25.87,-0.515268650947043,False,0.2089314194577354,0.043925401007956166,0.16500601844977925,0.22169059011164283,0.05490035559876194,0.16679023451288089,-0.03269537480063778,-0.057279541559006386,0.02458416675836861,0.010366826156299913,0.01760085957686308,-0.0072340334205631684,0.08293460925039886,0.1651359717567602,-0.08220136250636134,-0.11244019138755967
2018-08-15,FCX,13.66,0.36191425722831516,True,True,20.25,-0.3254320987654321,False,0.06368960468521223,0.015579530129888663,0.04811007455532357,-0.005856515373352855,0.03211725459578396,-0.03797376996913682,-0.1266471449487555,-0.004542550926254441,-0.12210459402250107,-0.1317715959004393,-0.04130882248562706,-0.09046277341481224,-0.31478770131771605,0.007523599971609007,-0.32231130128932506,-0.2247437774524158
2021-09-20,FCX,31.17,1.224839400428266,True,True,46.1,-0.3238611713665943,False,0.08790503689444962,0.01981384204220804,0.06809119485224158,0.23644529996791785,0.030296746843608835,0.20614855312430902,0.21783766442091745,0.06755137775320241,0.15028628666771504,0.5056143727943534,-0.03218597364298226,0.5378003464373357,-0.059031119666346,-0.11169477467514521,0.052663655008799215,-0.036894449791466166
2022-05-09,FCX,35.52,2.1489361702127665,True,True,51.99,-0.3167916907097519,True,-0.01041666666666674,0.004822060928748817,-0.015238727595415558,0.2215653153153152,0.04412688047818758,0.17743843483712762,-0.19031531531531531,0.04018384107290851,-0.23049915638822382,-0.09346846846846846,-0.022980134113569695,-0.07048833435489876,0.029279279279279313,0.03659241027701743,-0.007313130997738115,-0.30180180180180183
2022-08-04,FCX,28.76,1.8560079443892752,True,True,51.99,-0.4468166955183689,False,0.10118219749652302,0.014052200787116442,0.08712999670940658,-0.023296244784422826,-0.04285679793321584,0.019560553148793014,0.11961057023643962,-0.0607238573532608,0.18033442758970042,0.5803198887343533,-0.02274428374821935,0.6030641724825726,0.4968706536856744,0.0837095878503995,0.4131610658352749,-0.09492350486787204
2016-01-29,GILD,83.0,1.0802005012531328,True,True,123.37,-0.32722704060954855,False,0.025783132530120545,-0.02978525707206281,0.055568389602183355,0.051204819277108404,-0.0008259343382200912,0.052030753615328496,0.22084337349397587,0.07846376213091055,0.14237961136306532,0.051084337349397435,0.11640512079289711,-0.06532078344349967,-0.14192771084337352,0.18382201115011365,-0.3257497219934872,-0.013373493975903594
2014-01-14,GME,9.0775,0.7984150569588906,True,True,14.435,-0.37114651887772776,True,0.08096942990911593,0.0034300647901128745,0.07753936511900306,0.005508124483613264,-0.008711275657429018,0.014219400141042282,0.13494904984852663,-0.0027767191158054594,0.13772576896433208,0.14679151748829522,0.06843795938367747,0.07835355810461775,-0.06995318094188929,0.10333750748625259,-0.17329068842814188,-0.08840539796199398
2014-04-23,GME,9.9775,0.5026355421686746,True,True,14.435,-0.30879806027017676,False,-0.005762966675018744,0.004587890104027714,-0.010350856779046458,-0.07441743923828614,0.00896238997065879,-0.08337982920894493,0.07316462039589089,0.05473459589223806,0.01843002450365283,-0.06790278125783,-0.00021339023739663787,-0.06768939102043336,0.004259584064144395,0.11816484395838889,-0.11390525989424449,-0.12052117263843642
2021-01-25,GME,19.1975,3.413218390804598,True,True,39.795,-0.5175901495162709,True,1.9300690194035681,-0.021228439865761284,1.9512974592693295,-0.41437687198854023,0.008090741174328286,-0.4224676131628685,1.064201067847376,0.08241629594942634,0.9817847718979495,1.2013282979554627,0.12214157496292821,1.0791867229925345,0.33702304987628584,0.16223106740549964,0.1747919824707862,-0.49863263445761175
2021-04-21,GME,39.6275,10.724112426035502,True,True,120.75,-0.6718219461697723,True,0.12661661724812334,0.0031965774989783924,0.12342003974914495,0.06510630244148641,-0.012521931405773068,0.07762823384725948,0.06643113999116768,0.03670055519503923,0.029730584796128445,0.12358841713456559,0.04475208498569949,0.0788363321488661,-0.10756419153365704,0.05263537385536088,-0.16019956538901792,-0.1388555927070847
2021-07-16,GME,42.26,10.106438896189223,True,True,120.75,-0.6500207039337474,False,0.06696639848556574,0.019937868039134,0.04702853044643174,-0.03857075248461894,0.033801641396578264,-0.0723723938811972,0.05359678182678662,0.007766495108267213,0.04583028671851941,-0.23467818267865592,0.08587193397319992,-0.32055011665185584,-0.1942735447231425,-0.1238698010849909,-0.0704037436381516,-0.1409133932796971
2021-10-11,GME,44.525,11.066395663956639,True,True,120.75,-0.6312629399585921,False,0.0444693992139249,0.02875612505463665,0.01571327415928825,0.22762492981471083,0.07876877774966062,0.1488561520650502,-0.2736103312745648,0.0775035082472566,-0.3511138395218214,-0.07355418304323413,0.04193793277968205,-0.11549211582291619,-0.43065693430656926,-0.16540523131426987,-0.2652517029922994,-0.27484559236384043
2022-01-05,GME,32.3425,7.3572351421188635,True,True,120.75,-0.7321532091097309,False,-0.010125995207544314,0.005636449037106583,-0.015762444244650897,-0.23297518744685786,-0.046500704556129535,-0.18647448289072832,0.2754116101105357,-0.03300738716426832,0.30841899727480404,-0.05032078534436113,-0.18796703531320724,0.1376462499688461,-0.46448171910025504,-0.1806652717878645,-0.28381644731239053,-0.4003246502280282
2022-04-01,GME,41.25,16.133956386292834,True,True,86.165,-0.5212673359252598,False,-0.11399999999999999,-0.01181224057228658,-0.10218775942771341,-0.27533333333333343,-0.084871500485737,-0.19046183284759644,-0.2553939393939394,-0.16024905060496342,-0.09514488878897598,-0.39296969696969697,-0.1876048750331185,-0.20536482193657846,-0.44193939393939397,-0.09610968824516475,-0.3458297056942292,-0.5286666666666666
2022-06-23,HAL,30.04,0.3345179920035539,True,True,43.99,-0.3171175267106161,True,0.04394141145139807,-0.002142517060784055,0.046083928512182126,-0.08588548601864177,0.04504575993228577,-0.13093124595092753,-0.055592543275632456,0.027746918478548377,-0.08333946175418083,0.2316910785619175,0.06324392953499447,0.16844714902692304,0.040945406125166395,0.15460508913929005,-0.11365968301412366,-0.12383488681757648
2022-09-19,HAL,28.37,0.363286881307064,True,True,43.99,-0.35508070015912707,False,-0.17835741980965814,-0.06238579333419125,-0.11597162647546688,0.05710257314064138,-0.05592587826534556,0.11302845140598694,0.3041945717307013,0.03453866941191608,0.2696559023187852,0.17659499471272477,-0.008210011581521015,0.1848050062942458,0.5029961226647868,0.1417578175267018,0.36123830513808497,-0.1787099048290448
2023-03-15,HAL,30.41,3.253146853146853,True,True,43.99,-0.30870652421004774,False,0.0016441959881619006,0.007269831483764921,-0.005625635495603021,0.11180532719500169,0.062140361693382884,0.04966496550161881,0.06346596514304514,0.10434648581997541,-0.040880520676930265,0.34429463992107867,0.14627003699136876,0.19802460292970991,0.2012495889510031,0.3254469790382246,-0.12419739008722153,-0.08451167379151592
2025-02-25,HOOD,45.92,2.7485714285714287,True,True,66.91,-0.3137049768345538,True,0.00653310104529603,-0.029247442110931554,0.035780543156227584,0.048562717770034736,-0.03160339256865907,0.08016611033869381,0.3906794425087108,-0.019150511577813667,0.40982995408652445,1.5047909407665503,0.08255923532579423,1.422231705440756,0.5982142857142856,0.15668753365643506,0.4415267520578505,-0.3540940766550523
2025-11-20,HOOD,106.21,9.464039408866993,True,True,153.86,-0.3096971272585468,True,0.20977309104604092,0.04729284477342044,0.16248024627262048,0.1425477826946615,0.04300185432087433,0.09954592837378717,-0.2877318519913378,0.04896326605673318,-0.33669511804807095,-0.2737030411449015,0.13277550457450227,-0.4064785457194038,,,,-0.33687976650032947
2026-02-19,HOOD,75.65,6.62600806451613,True,True,153.86,-0.508319251267386,False,0.05023132848645062,0.007041841982234676,0.043189486504215946,-0.01969596827495057,-0.03605656848994865,0.016360600214998078,0.01969596827495046,0.07990007012622713,-0.06020410185127667,0.25459352280237924,0.1285793595137914,0.12601416328858783,,,,-0.1604097818902842
2026-05-15,HOOD,77.14,7.504961411245866,True,True,153.86,-0.4986351228389445,False,-0.04537205081669693,0.008753060865565487,-0.05412511168226242,0.27197303603837186,0.021185924753439833,0.25078711128493203,0.23036038371791534,0.045077587023282906,0.18528279669463243,,,,,,,-0.051335234638319904
2019-03-07,HPQ,18.82,0.6833631484794276,True,True,27.08,-0.3050221565731166,False,0.043570669500531345,0.02236282317006677,0.021207846330464575,0.04994686503719459,0.04425293625686355,0.005693928780331037,-0.008501594048884176,-0.0015999418202974347,-0.006901652228586741,-0.05791710945802342,0.04312570451983566,-0.10104281397785908,0.14771519659936239,0.1376313588596778,0.010083837739684576,-0.040382571732199835
2022-08-31,HPQ,28.71,0.5697102241662111,True,True,41.47,-0.3076923076923076,False,-0.04214559386973182,0.013158560655903706,-0.05530415452563553,-0.12783002438174862,-0.08196264993167668,-0.04586737445007194,0.05015673981191204,0.018093020901867485,0.03206371891004456,0.02925809822361547,0.013867098537375444,0.015390999686240026,0.02020202020202011,0.14127739258059613,-0.12107537237857602,-0.16126785092302343
2019-04-16,HUM,235.1,0.3974084640989062,True,True,355.88,-0.33938406204338545,False,0.06290940025521041,0.007133995037220897,0.055775405217989515,0.03649510846448334,-0.01757650951199341,0.05407161797647675,0.23883453849425784,0.03615246760408031,0.20268207089017753,0.08566567418119964,0.01006341328921967,0.07560226089197997,0.4981284559761803,-0.0219534050179212,0.5200818609941015,-0.04019566142067199
2020-03-18,HUM,246.58,0.1246522234891676,True,True,385.0,-0.3595324675324675,True,0.09096439289480074,0.028291666666666604,0.06267272622813413,0.530172763403358,0.16291666666666682,0.36725609673669113,0.5358909887257686,0.26754166666666657,0.268349322059102,0.6439695027982804,0.3883749999999999,0.25559450279828044,0.6348446751561359,0.6496250000000001,-0.014780324843864268,-0.1554465082326223
2026-04-29,IBM,227.1,0.8110047846889952,True,True,324.9,-0.3010156971375808,False,-0.0059885512989871215,0.03126844486916447,-0.03725699616815159,0.16345222369000445,0.060457011158267404,0.10299521253173705,-0.047644209599295384,0.038660445768571305,-0.08630465536786669,,,,,,,-0.12289740202553945
2015-09-28,ILMN,162.9475,2.4810924324867063,True,True,235.7685,-0.30886653645419127,True,-0.025908958406848814,0.055635338545822144,-0.08154429695267096,-0.11856027248040013,0.10100526567735768,-0.2195655381577578,0.11623191518740716,0.08238923461518,0.03384268057222717,-0.0739060126727934,0.08861230785596508,-0.16251832052875848,0.07056260451986085,0.14882187117706525,-0.0782592666572044,-0.2239273385599656
2020-09-21,ILMN,262.7724,0.31802894852074837,True,True,393.1907,-0.33169222975009327,True,0.13078884997054496,0.022081536532403412,0.10870731343814155,0.18927901103768896,0.04599810380157199,0.14328090723611697,0.3053714925920683,0.130348350001529,0.1750231425905393,0.5559914207123731,0.21237422393491756,0.3436171967774555,0.6547955569154142,0.34997094534666773,0.3048246115687465,-0.0328733154623545
2021-03-08,ILMN,373.1712,0.6271633415235558,True,True,540.6323,-0.30975045331179807,True,0.09566761850860939,0.03848370533375256,0.057183913174856826,0.08138275408177265,0.06392119878444924,0.017461555297323406,0.07648205434931743,0.10114743791260605,-0.024665383563288623,0.22741251200521373,0.16907681022739163,0.0583357017778221,-0.13469045842766003,0.1414387509169024,-0.2761292093445624,-0.0505186359504699
2020-03-12,INTC,45.54,0.26817042606516295,True,True,69.29,-0.34276230336267866,True,0.008783487044356608,-0.030631574704768183,0.03941506174912479,0.25472112428634164,0.12127685300874602,0.13344427127759562,0.3981115502854633,0.3026480190238199,0.09546353126164342,0.11528326745718043,0.42114384748700173,-0.3058605800298213,0.3669301712779973,0.5701906412478335,-0.20326046996983616,-0.041941150636802704
2020-07-29,INTC,48.07,0.37460680583357164,True,True,69.29,-0.3062490979939386,False,0.017682546286665213,0.02149975393700787,-0.0038172076503426577,0.03078843353442884,0.0690514271653544,-0.03826299363092556,0.12128146453089239,0.05994709645669305,0.06133436807419934,0.22051175369253184,0.18076402559055116,0.039747728101980684,0.10630330767630536,0.3503014271653542,-0.24399811948904881,-0.022883295194508046
2026-07-16,INTC,96.98,1.9123123123123125,True,True,142.35,-0.31872146118721456,True,0.03351206434316345,-0.016703964194373477,0.05021602853753693,0.07816044545267054,0.03617860187553279,0.041981843577137745,,,,,,,,,,-0.1566302330377397
2022-09-30,KR,43.75,0.7096522078937084,True,True,62.78,-0.3031220133800574,False,-0.017142857142857126,0.015706366537880045,-0.03284922368073717,0.06902857142857144,0.08914272915616772,-0.020114157727596282,0.05028571428571427,0.06780894786942149,-0.01752323358370722,0.121142857142857,0.1079847695839633,0.013158087558893694,0.02285714285714291,0.1968195307688001,-0.1739623879116572,-0.04411428571428566
2015-07-01,LUV,32.62,2.568927789934354,True,True,47.17,-0.3084587661649354,False,-0.003065603923972815,-0.012530120481927698,0.009464516557954883,0.11312078479460475,0.016000000000000014,0.09712078479460473,0.1676885346413246,-0.07060240963855424,0.23829094427987885,0.3295524218271,-0.028096385542168756,0.35764880736926874,0.1474555487431024,-0.020722891566265167,0.16817844030936757,-0.01134273451870016
2016-08-02,LUV,35.54,1.5028169014084507,True,True,51.34,-0.3077522399688353,False,0.05402363534046151,0.012201345395499885,0.04182228994496162,0.04614518851997751,0.011366272326606364,0.034778916193371145,0.08047270680922902,-0.008397123637207127,0.08886983044643615,0.39701744513224546,0.055903502667594474,0.341113942464651,0.5619020821609455,0.14483878450475518,0.4170632976561903,-0.003095104108047253
2026-06-01,LYFT,14.86,0.8598247809762201,True,True,25.54,-0.418167580266249,False,-0.05652759084791381,-0.02546998180715576,-0.03105760904075805,-0.01682368775235532,-0.015516650407361499,-0.0013070373449938222,0.17025572005383593,0.009940148179397257,0.16031557187443868,,,,,,,-0.11440107671601607
2014-12-15,MGM,19.82,1.0040444893832152,True,True,28.75,-0.31060869565217386,False,0.023208879919273562,0.03989774948624136,-0.0166888695669678,0.0206861755802219,0.006766578116385258,0.013919597463836642,-0.02068617558022201,0.03167761014485504,-0.05236378572507705,-0.023713420787083717,0.04480978397072821,-0.06852320475781193,0.06205852674066592,0.011879103804320668,0.05017942293634525,-0.1296670030272452
2023-10-03,MGM,35.72,0.6422988505747127,True,True,51.35,-0.30438169425511197,True,0.04675251959686455,0.03071704736829628,0.01603547222856827,-0.022396416573348232,-0.008040987689461265,-0.014355428883886967,0.26119820828667417,0.13069569961336858,0.1305025086733056,0.3006718924972005,0.230603192675348,0.07006869982185249,0.08118701007838736,0.3487511563367254,-0.267564146258338,-0.044792833146696576
2022-06-09,MOS,53.66,1.3966056275122822,True,True,79.28,-0.32315842583249244,True,-0.050689526649273176,-0.08666301315265046,0.03597348650337728,-0.1628773760715616,-0.04287066560382613,-0.12000671046773548,0.006522549385016729,-0.026604224790753306,0.033126774175770035,-0.04398061871039882,0.015544041450777257,-0.05952466016117608,-0.3490495713753261,0.06897668393782386,-0.41802625531314996,-0.20797614610510617
2022-09-06,MOS,54.01,1.7868937048503613,True,True,79.28,-0.3187436932391524,False,-0.025921125717459748,0.005988330433002398,-0.031909456150462145,-0.03554897241251609,-0.03273108813594017,-0.0028178842765759216,-0.05017589335308281,0.043300235438632484,-0.0934761287917153,-0.015182373634512136,0.014075135633125235,-0.02925750926763737,-0.2697648583595631,0.14965707851366572,-0.4194219368732288,-0.14571375671172004
2022-11-30,MOS,51.3,1.6929133858267713,True,True,79.28,-0.3529263370332998,False,-0.07738791423001945,-0.035616169544740894,-0.041771744685278556,-0.15380116959064327,-0.05945839874411307,-0.0943427708465302,0.03684210526315801,-0.028012166405023575,0.06485427166818158,-0.3146198830409357,0.008364403453689162,-0.32298428649462485,-0.2900584795321637,0.11511479591836737,-0.40517327545053106,-0.18304093567251467
2021-12-08,MRNA,283.4,14.236559139784944,True,True,497.49,-0.4303403083479066,False,-0.0004234297812280019,0.002300221502811395,-0.0027236512840393967,-0.2376146788990825,-0.003365138865224049,-0.23424954003385845,-0.5537755822159491,-0.10668342136650188,-0.44709216084944725,-0.494001411432604,-0.12764099505878346,-0.36636041637382055,-0.3876499647141849,-0.161207190322031,-0.22644277439215388,-0.5544107268877911
2022-03-07,MRNA,126.46,5.141816415735794,True,True,497.49,-0.7458039357575027,False,0.18669935157362016,-0.005793576997353611,0.19249292857097378,0.3643839949391112,0.08909710797987747,0.27528688695923376,0.1339554009172863,-0.02346041055718484,0.15741581147447115,0.08097422109758012,-0.03366473547433424,0.11463895657191436,0.1389372133480944,-0.035667453448728015,0.1746046667968224,-0.05891190890400122
2023-04-17,MRNA,143.97,2.86496644295302,True,True,217.25,-0.33730724971231296,False,-0.04049454747516856,-0.0031647098613325486,-0.037329837613836014,-0.09522817253594507,-0.0022467024206407338,-0.09298147011530433,-0.12058067652983262,0.08605111851959224,-0.20663179504942486,-0.2784607904424533,0.03768662124945643,-0.31614741169190974,-0.27859970827255676,0.2186548775184809,-0.49725458579103765,-0.18656664582899218
2025-03-19,NET,117.58,0.39710076045627374,True,True,177.368,-0.33708447972576794,True,0.03036230651471339,0.002574365665720446,0.027787940848992942,-0.06829392753869712,-0.07312256449138654,0.004828636952689425,0.46257866984180995,0.052668700297991755,0.4099099695438182,0.8963259057662869,0.15001851427362345,0.7463073914926635,0.9176730736519816,0.16627580977906287,0.7513972638729187,-0.23949651301241703
2026-01-20,NET,177.42,3.0804967801287946,True,True,260.0,-0.31761538461538463,True,0.16080486980047337,0.026432303196670448,0.13437256660380292,0.0790215308307971,0.012854570678000998,0.0661669601527961,0.11250140908578521,0.03553823902712594,0.07696317005865927,0.5880396798557097,0.10958115646860889,0.4784585233871008,,,,-0.10477961898320354
2020-03-16,NKE,66.79,0.16602653631284925,True,True,105.62,-0.36763870479075933,True,-0.05973948195837708,-0.07046070460704612,0.010721222648669038,0.30962718969905656,0.18319783197831985,0.1264293577207367,0.5289714029046264,0.3299979153637691,0.1989734875408573,0.689624195238808,0.4400250156347718,0.24959917960403621,1.1028597095373556,0.6429435063581406,0.459916203179215,-0.10166192543793995
2022-04-29,NKE,124.7,0.4516880093131548,True,True,179.1,-0.30374092685650467,False,-0.08187650360866083,-0.001601941747572888,-0.08027456186108795,-0.06984763432237373,0.007912621359223326,-0.07776025568159706,-0.1350441058540497,-0.0266019417475728,-0.10844216410647689,-0.3036888532477947,-0.11308252427184462,-0.1906063289759501,0.016198877305533266,0.009538834951456243,0.006660042354077023,-0.20184442662389734
2014-03-21,NVAX,93.6,0.8281249999999998,True,True,139.0,-0.32661870503597124,True,-0.09401709401709402,-0.0038131041890439032,-0.09020398982805011,-0.10897435897435881,0.004511278195488799,-0.11348563716984761,-0.040598290598290565,0.0463480128893663,-0.08694630348765686,0.02991452991453003,0.07572502685284643,-0.0458104969383164,1.074786324786325,0.12513426423200857,0.9496520605543164,-0.2863247863247863
2014-06-17,NVAX,89.8,1.107981220657277,True,True,139.0,-0.35395683453237414,False,0.057906458797327476,-0.0006672483703742405,0.058573707167701716,-0.06904231625835189,0.016065287686701124,-0.08510760394505301,0.07349665924276172,0.028075758353436342,0.04542090088932538,0.2182628062360803,0.0675973925986757,0.1506654136374046,0.9755011135857463,0.07329466714571686,0.9022064464400295,-0.10690423162583518
2014-09-11,NVAX,96.4,1.6927374301675981,True,True,139.0,-0.30647482014388483,False,-0.07053941908713701,0.007588617074388404,-0.07812803616152542,-0.08506224066390045,-0.037743384922616086,-0.04731885574128436,0.13485477178423233,0.03844233649525708,0.09641243528897525,0.8547717842323652,0.050723914128806724,0.8040478701035585,1.1099585062240664,-0.02750873689465816,1.1374672431187247,-0.18672199170124482
2015-08-25,NVAX,205.0,4.203045685279188,True,True,300.2,-0.3171219187208527,True,0.025365853658536608,0.024029476157419793,0.0013363775011168144,-0.07414634146341459,0.033801463128103615,-0.1079478045915182,-0.2526829268292683,0.11459390185293938,-0.3672768286822077,-0.5053658536585366,0.0299567469429165,-0.5353226006014531,-0.29463414634146345,0.16692476104020937,-0.4615589073816728,-0.3902439024390244
2015-11-18,NVAX,153.2,3.757763975155279,True,True,300.2,-0.4896735509660227,False,0.04177545691906004,0.002826618119101232,0.03894883879995881,0.13185378590078334,-0.018540698510036813,0.15039448441082015,-0.33812010443864227,-0.07593541896229572,-0.26218468547634655,-0.4347258485639687,-0.01039620562449095,-0.4243296429394777,-0.8224543080939948,0.04575288650409637,-0.8682071945980911,-0.46736292428198434
2016-02-17,NVAX,101.4,1.668421052631579,True,True,300.2,-0.6622251832111925,False,-0.05522682445759375,0.0016590626296142386,-0.05688588708720799,-0.03944773175542404,0.05423060970551652,-0.09367834146094056,-0.1459566074950691,0.07092492741600998,-0.2168815349110791,0.4832347140039448,0.1304956449605974,0.3527390690433474,-0.7297830374753451,0.2068125259228537,-0.9365955633981988,-0.16765285996055224
2020-08-12,NVAX,124.42,5.347959183673469,True,True,189.4,-0.3430834213305174,True,0.18196431441890382,-0.0006223328591749011,0.18258664727807872,-0.2536569683330654,-0.010520388809862502,-0.2431365795232029,-0.2516476450731394,0.03793266951161689,-0.2895803145847563,1.2842790548143381,0.13160858226647698,1.1526704725478611,0.8502652306703102,0.311877667140825,0.5383875635294852,-0.36907249638321815
2020-11-05,NVAX,93.11,3.083771929824561,True,True,189.4,-0.5083949313621965,False,-0.024057566319407142,0.008479899497487287,-0.03253746581689443,0.3559231017076576,0.05599017816354501,0.2999329235441126,2.0524111266244227,0.09025239835541354,1.9621587282690092,1.5446246375255077,0.19146870717222475,1.353155930353283,1.0964450649769089,0.3268615806304249,0.7695834843464839,-0.17742455160562776
2021-02-25,NVAX,221.5,3.7532188841201712,True,True,331.68,-0.3321876507477086,True,-0.2862302483069977,-0.014725498914550217,-0.2715047493924475,-0.1953498871331829,0.019276541207857045,-0.21462642834103995,-0.35435665914221226,0.08529280987628485,-0.4396494690184971,0.05900677200902926,0.1614050689195199,-0.10239829691049063,-0.6415801354401807,0.12355818272173247,-0.7651383181619131,-0.47124153498871335
2021-05-21,NVAX,143.01,3.3075301204819274,True,True,331.68,-0.5688314037626628,False,0.032235508006433156,0.0122909336289585,0.019944574377474655,0.2655758338577723,0.01426712295753596,0.2513087109002363,0.6402349486049927,0.07013062129464509,0.5701043273103477,0.14810153136144333,0.11731816648190097,0.030783364879542363,-0.6356198867212083,-0.055622499638501965,-0.5799973870827063,-0.013705335291238185
2021-08-18,NVAX,226.99,7.798062015503875,True,True,331.68,-0.3156355523396044,False,0.04929732587338642,0.02215492508766337,0.027142400785723053,0.045288338693334484,0.018192996038070897,0.027095342655263588,-0.2537997268602141,0.055990709959469864,-0.309790436819684,-0.6323626591479801,0.026777175645521067,-0.6591398347935011,-0.8110929996916163,-0.021585682408124307,-0.789507317283492,-0.4653949513194414
2021-11-11,NVAX,169.38,3.7312849162011172,True,True,331.68,-0.4893270622286542,False,0.12793718266619436,0.01285119779200894,0.11508598487418542,-0.01664895501239816,0.015029001444681667,-0.031677956457079826,-0.5073208170976502,-0.027664575112663625,-0.4796562419849866,-0.6536781202030937,-0.10772581236388723,-0.5459523078392065,-0.8900106269925611,-0.1932854647777993,-0.6967251622147618,-0.6081001298854647
2022-02-08,NVAX,83.45,0.8381057268722467,True,True,323.55,-0.7420800494513986,False,0.04409826243259429,-0.010733135228633506,0.0548313976612278,-0.05248651887357714,-0.05217989089457575,-0.0003066279790013837,-0.29706411024565615,-0.08233911385106663,-0.21472499639458953,-0.3114439784301978,-0.09509025590987719,-0.2163537225203206,-0.8695026962252845,-0.07927883975695216,-0.7902238564683324,-0.49514679448771715
2021-12-01,OKTA,198.08,2.22763565259899,True,True,294.0,-0.32625850340136053,False,0.21198505654281097,0.04221975582685911,0.16976530071595186,0.13615710823909533,0.05695893451720324,0.07919817372189208,-0.07693861066235863,-0.03078801331853498,-0.04615059734382365,-0.6018780290791599,-0.12566037735849056,-0.4762176517206693,-0.7412661550888531,-0.12268590455049944,-0.6185802505383536,-0.2300585621970922
2025-11-11,OKTA,85.58,0.9009329187027986,True,True,127.567,-0.32913684573596613,False,-0.053166627716756176,-0.03355783308931182,-0.01960879462744436,0.04977798551063328,0.0066910688140557895,0.04308691669657749,0.030380930123860894,0.016032210834553418,0.014348719289307477,-0.09511568123393321,0.07442166910688153,-0.16953735034081474,,,,-0.12304276700163597
2022-10-07,PFE,42.32,0.25896926353867933,True,True,61.71,-0.31421163506725003,False,0.012759924385633337,-0.014223104275200571,0.026983028660833908,0.11578449905482047,0.037376994955759635,0.07840750409906083,0.18454631379962194,0.05780203423468122,0.12674427956494072,-0.035916824196597474,0.12844896496595815,-0.16436578916255562,-0.21715500945179578,0.18399073844372782,-0.4011457478955236,-0.020557655954631326
2014-05-28,PLUG,4.36,0.5298245614035089,True,True,11.72,-0.6279863481228669,True,-0.002293577981651529,0.009457623576131224,-0.011751201557782753,0.03899082568807333,0.02194586686174116,0.01704495882633217,0.33256880733944927,0.04242867593269928,0.29014013140675,-0.14678899082568808,0.06719615424809278,-0.21398514507378086,-0.40825688073394495,0.10095098756400867,-0.5092078682979536,-0.07568807339449546
2014-08-21,PLUG,5.81,2.5864197530864192,True,True,11.72,-0.5042662116040957,False,-0.04475043029259895,0.0032080200501252154,-0.04795845034272417,-0.23752151462994842,0.006015037593984918,-0.24353655222393333,-0.3597246127366609,0.023759398496240758,-0.38348401123290166,-0.45783132530120485,0.04721804511278194,-0.5050493704139868,-0.6230636833046471,0.04421052631578948,-0.6672742096204366,-0.3803786574870912
2014-11-18,PLUG,4.04,0.6489795918367345,True,True,11.72,-0.6552901023890785,False,-0.00990099009900991,0.007589394307954356,-0.017490384406964266,-0.2722772277227723,-0.018292386280710393,-0.2539848414420619,-0.22277227722772275,0.02218438336171258,-0.24495666058943533,-0.35148514851485146,0.021746533690099712,-0.3732316822049512,-0.5247524752475248,0.0003405497445876371,-0.5250930249921124,-0.38613861386138615
2020-02-27,PLUG,4.04,2.5752212389380533,True,True,6.05,-0.33223140495867765,True,0.12376237623762387,0.01663809619844714,0.10712428003917673,-0.05693069306930698,-0.12204631777083119,0.06511562470152421,0.017326732673267342,-0.006957749319350559,0.0242844819926179,2.160891089108911,0.1382474538670968,2.0226436352418142,11.415841584158414,0.31682968639709586,11.099011897761319,-0.37376237623762376
2020-05-22,PLUG,4.11,1.1185567010309279,True,True,6.05,-0.32066115702479336,False,0.041362530413625365,0.03422014622258329,0.007142384191042073,0.35523114355231145,0.051380991064175596,0.30385015248813585,2.1070559610705595,0.14622258326563764,1.9608333778049218,4.59610705596107,0.20725020308692121,4.388856852874149,5.683698296836982,0.405632277281343,5.27806601955564,-0.019464720194647178
2021-02-18,PLUG,50.23,26.448087431693985,True,True,75.49,-0.33461385613988603,True,-0.13716902249651586,-0.021473177723177805,-0.11569584477333805,-0.2761298029066295,0.0019451269451269404,-0.2780749298517564,-0.5106510053752737,0.06618550368550347,-0.5768365090607772,-0.4206649412701572,0.13298525798525795,-0.5536501992554151,-0.5725661955006969,0.12361793611793592,-0.6961841316186328,-0.6322914592872786
2021-05-14,PLUG,24.58,10.223744292237443,True,True,75.49,-0.6743939594648298,False,0.13466232709519943,-0.003936818858322533,0.13859914595352196,0.24369406021155426,0.020836333957463093,0.22285772625409117,0.18388934092758347,0.06265303183062088,0.12123630909696259,0.6289666395443452,0.1155600364875895,0.5134066030567557,-0.4528071602929211,-0.05720389841086937,-0.39560326188205175,-0.02644426362896657
2021-08-10,PLUG,29.1,13.405940594059407,True,True,75.49,-0.6145184792687772,False,-0.11099656357388321,0.003072196620583778,-0.11406876019446699,-0.13230240549828187,0.01859130749073823,-0.1508937129890201,0.3759450171821306,0.049787656998283136,0.32615736018384744,-0.24845360824742269,0.016332339387368,-0.2647859476347907,-0.1195876288659794,-0.06706876298906661,-0.05251886587691279,-0.20412371134020624
2021-11-03,PLUG,40.04,20.185185185185187,True,True,75.49,-0.469598622334084,False,0.0034965034965035446,-0.0023670166982269203,0.005863520194730465,-0.0904095904095904,-0.015751420210019074,-0.07465817019957133,-0.4537962037962038,-0.03186865209158207,-0.4219275517046217,-0.44730269730269734,-0.10210449302806002,-0.3451982042746373,-0.6081418581418582,-0.17257703563436055,-0.4355648225074976,-0.5626873126873126
2020-03-20,PYPL,86.68,1.008341056533828,True,True,124.45,-0.3034953796705504,True,0.07844946931241337,0.1076048951048949,-0.029155425792481537,0.29407014305491463,0.2307255244755244,0.06334461857939022,0.8599446239040147,0.36783216783216766,0.49211245607184706,1.1930087678818642,0.45930944055944045,0.7336993273224237,1.7504614674665433,0.7110139860139859,1.0394474814525574,-0.05318412551915108
2021-11-09,PYPL,205.42,1.328233027314972,True,True,310.16,-0.33769667268506587,False,0.04989777042157528,0.004065214600539102,0.04583255582103618,-0.03928536656605974,0.004578715392186128,-0.04386408195824587,-0.38623308343880824,-0.03996747828319569,-0.34626560515561255,-0.5584169019569662,-0.10911891822499897,-0.4492979837319673,-0.621945282835167,-0.18706405922375802,-0.434881223611409,-0.4090156752020251
2025-04-07,RBLX,52.53,0.13602941176470584,True,True,75.74,-0.30644309479799303,True,0.08338092518560813,0.06887664062809784,0.014504284557510294,0.3472301541976013,0.10789484119116532,0.23933531300643596,0.9720159908623645,0.23981918394861035,0.7321968069137541,1.694841043213402,0.3158333002894642,1.3790077429239378,0.09461260232248248,0.3069907609342164,-0.21237815861173392,-0.04283266704740152
2025-11-04,RBLX,104.13,1.2745740498034075,True,True,150.59,-0.3085198220333356,False,0.005281859214443685,0.011492210177122208,-0.006210350962678524,-0.11552866609046386,0.012810260055683864,-0.12833892614614772,-0.35196389128973393,0.029870860730999205,-0.38183475202073314,-0.45952175165658304,0.05381790178306978,-0.5133396534396528,,,,-0.38019782963603177
2026-02-02,RBLX,67.48,0.8760077842646652,True,True,150.59,-0.5518958762202005,False,0.08847065797273257,-0.002099480881781912,0.09057013885451448,-0.007557794902193327,-0.02168504910772051,0.014127254205527184,-0.1659751037344399,0.023252469766037454,-0.18922757350047736,-0.2824540604623592,0.06281186638098402,-0.34526592684334323,,,,-0.24081209247184365
2016-02-02,RCL,71.7,0.9806629834254144,True,True,103.4,-0.3065764023210832,True,-0.051324965132496625,-0.02487379049221705,-0.026451174640279573,0.04853556485355659,0.0464871687000421,0.002048396153514487,0.06025104602510445,0.09092343289861171,-0.030672386873507262,0.018688981868898225,0.1393037442153977,-0.12061476234649948,0.31659693165969327,0.19662389566680694,0.11997303599288633,-0.10446304044630417
2016-06-14,RCL,71.99,1.0939499709133216,True,True,103.4,-0.30377176015473895,False,0.062091957216280136,0.001922707171697846,0.06016925004458229,0.008195582719822347,0.033070563353201354,-0.024874980633379007,-0.08265036810668136,0.05032686021918864,-0.13297722832587,0.10515349354076964,0.055950778696404635,0.049202714844365,0.5266009167939993,0.16977504326091153,0.3568258735330878,-0.09779135991109866
2025-04-03,RCL,188.65,1.330450895614577,True,True,277.08,-0.31914970405659004,True,0.020461171481579665,-0.022582448295137003,0.04304361977671667,0.21892393320964731,0.056008943543879086,0.16291498966576823,0.6702888947786907,0.15082914104713985,0.5194597537315508,0.7202756427246222,0.2261039686975963,0.4941716740270259,0.450251789027299,0.22196757965343772,0.2282842093738613,-0.1306122448979593
2025-11-06,RCL,253.57,3.8782223932281648,True,True,366.5,-0.308130968622101,True,0.008636668375596512,0.00258089540660289,0.006055772968993622,0.016129668336159808,0.0229446077188169,-0.0068149393826570925,0.29609180896793785,0.023690531246736812,0.27240127772120104,0.047245336593445764,0.07509958079097734,-0.027854244197531575,,,,-0.035966399810703154
2026-04-28,RCL,255.89,3.0604569977784823,True,True,366.5,-0.3018008185538882,False,0.03161514713353397,0.01697368236170238,0.014641464771831592,0.0753448747508696,0.05447596565920554,0.020868909091664056,0.1471335339403652,0.03827509168317644,0.10885844225718877,,,,,,,-0.09296963539020675
2021-03-08,ROKU,327.19,7.480819077242094,True,True,486.72,-0.3277654503616042,True,0.10920260399156456,0.03848370533375256,0.070718898657812,0.09835263913933812,0.06392119878444924,0.034431440354888876,0.03988508206241015,0.10114743791260605,-0.061262355850195904,0.07582750084049028,0.16907681022739163,-0.09324930938690135,-0.6092484489134753,0.1414387509169024,-0.7506871998303777,-0.16742565481830118
2021-06-02,ROKU,340.24,8.082754938601175,True,True,486.72,-0.3009533201840895,False,-0.0017634610862921063,0.003140389693812029,-0.004903850780104135,0.34978250646602405,0.01839031237361133,0.3313921940924127,0.03456383729132373,0.06168962481859497,-0.02712578752727124,-0.31195626616506,0.11552827540265986,-0.42748454156771987,-0.7164648483423466,-0.012061951323959708,-0.7044028970183869,-0.0492005643075476
2021-09-03,ROKU,342.27,4.4156645569620245,True,True,490.761,-0.30257294283775615,True,-0.05682648201712093,-0.014346252317471553,-0.042480229699649374,-0.1326730359073245,-0.053941908713692976,-0.07873112719363151,-0.33499868524848797,0.005473647038050755,-0.3404723322865387,-0.5921056475881613,-0.03383508431182125,-0.5582705632763401,-0.8004499371840944,-0.1250551778935287,-0.6753947592905657,-0.3504543196891343
2021-11-30,ROKU,227.61,4.846647829437452,True,True,490.761,-0.5362100900438298,False,-0.048372215632002225,0.02792167881288954,-0.07629389444489176,-0.012345679012345734,0.04811660374045146,-0.06046228275279719,-0.3866262466499715,-0.03909474053911666,-0.3475315061108548,-0.5968103334651378,-0.1287206954078497,-0.4680896380572881,-0.7631474891261368,-0.13093774694881022,-0.6322097421773266,-0.549228944246738
2018-10-24,SHOP,12.227,2.8619709412507897,True,True,17.6599,-0.30764047361536584,False,0.12987650282162422,0.0200135685210312,0.10986293430059302,0.0845669420135764,-0.001130710085934017,0.08569765209951041,0.2807720618303753,-0.007198854213779415,0.2879709160441547,0.8051852457675635,0.09309513040856321,0.7120901153590002,1.4301954690439191,0.13025780189959302,1.2999376671443261,-0.037867015621166344
2019-11-07,SHOP,28.575,6.2988505747126435,True,True,40.961,-0.30238519567393374,True,0.09343832020997378,0.004445453955480572,0.08899286625449321,0.2759405074365704,0.021708092673113022,0.25423241476345737,0.664251968503937,0.08008306833668644,0.5841689001672505,1.1474715660542434,-0.08238691673697185,1.2298584827912151,2.485564304461942,0.11473814004802385,2.370826164413918,-0.012843394575678069
2020-03-12,SHOP,37.778,4.889010132501948,True,True,59.389,-0.36388893566148617,True,-0.11985811848165595,-0.030631574704768183,-0.08922654377688777,0.10577584837736254,0.12127685300874602,-0.015501004631383486,0.9341150934406266,0.3026480190238199,0.6314670744168067,2.0025941023876332,0.42114384748700173,1.5814502549006315,1.8797183545979146,0.5701906412478335,1.3095277133500811,-0.19185769495473548
2021-03-29,SHOP,103.991,7.072581897220928,True,True,149.975,-0.3066111018503084,True,0.1117692877268226,0.02612562534741536,0.08564366237940724,0.11249050398592186,0.05492950629137394,0.05756099769454792,0.4429421776884539,0.06776491990499789,0.375177257783456,0.42924868498235424,0.11526605690029812,0.3139826280820561,-0.3220567164466156,0.13823336196877056,-0.46029007841538616,-0.026069563712244337
2022-01-04,SHOP,122.186,7.850210053599886,True,True,176.2918,-0.3069104745654647,True,-0.05282929304502981,-0.016333368233692802,-0.03649592481133701,-0.2749742196323639,-0.042299235682127456,-0.23267498395023645,-0.44677786325765634,-0.05425609883781812,-0.3925217644198382,-0.7133386803725468,-0.20291068998010686,-0.5104279903924399,-0.7079861849966445,-0.20255470631347505,-0.5054314786831694,-0.58258720311656
2025-04-07,SHOP,78.82,0.16604532812592443,True,True,129.38,-0.39078682949451227,True,0.050114184217203706,0.06887664062809784,-0.018762456410894135,0.1904339000253743,0.10789484119116532,0.08253905883420898,0.4783049987312866,0.23981918394861035,0.23848581478267628,0.890383151484395,0.3158333002894642,0.5745498511949307,0.48515605176351206,0.3069907609342164,0.17816529082929566,-0.05265161126617601
2026-02-03,SHOP,119.29,1.381988817891374,True,True,182.19,-0.345243976068939,False,0.06664431218040057,0.0037561817469871084,0.06288813043341346,0.08684717914326434,-0.006381158180209678,0.09322833732347402,0.01542459552351394,0.0422461676794339,-0.02682157215591996,0.09212842652359798,0.07444201122503746,0.01768641529856052,,,,-0.1204627378657055
2026-04-30,SHOP,121.13,1.607188979767542,True,True,182.19,-0.3351446292332181,False,-0.0775200198134236,0.01797790332006799,-0.09549792313349159,-0.019978535457772617,0.05262572009016786,-0.07260425554794048,0.07553867745397502,0.03089082459020953,0.04464785286376549,,,,,,,-0.22397424254932718
2021-03-24,SNAP,50.51,2.048280024140012,True,True,73.59,-0.31362956923495044,True,0.03524054642645025,0.02273431048720065,0.0125062359392496,0.1294793110275192,0.06386767134599514,0.06561163968152406,0.2506434369431796,0.07070602807597037,0.17993740886720921,0.41179964363492383,0.1461860033030553,0.2656136403318685,-0.3037022371807562,0.14675371593724207,-0.45045595311799824,-0.051276974856463986
2021-10-22,SNAP,55.14,7.06140350877193,True,True,83.34,-0.3383729301655868,True,-0.046427276024664565,0.013528425141242861,-0.05995570116590743,-0.06927820094305404,0.034803142655367214,-0.10408134359842125,-0.36434530286543354,-0.003023481638418035,-0.3613218212270155,-0.39807762060210383,-0.03383209745762705,-0.3642455231444768,-0.804316285817918,-0.19356903248587565,-0.6107472533320424,-0.3696046427276025
2022-01-19,SNAP,35.05,4.671521035598706,True,True,83.34,-0.5794336453083754,False,-0.18316690442225392,-0.040664084117321586,-0.14250282030493233,0.14151212553495007,-0.011400110680686137,0.1529122362156362,-0.05306704707560628,-0.030902047592694992,-0.022164999482911285,-0.6054208273894437,-0.16141671278361924,-0.44400411460582445,-0.7315263908701855,-0.13339236303265078,-0.5981340278375347,-0.3061340941512125
2025-03-18,SOFI,11.95,0.39766081871345005,True,True,18.42,-0.35124864277958745,True,0.13305439330543933,0.025738832840183967,0.10731556046525537,-0.08451882845188285,-0.041727567644647245,-0.04279126080723561,0.2468619246861925,0.07616484260810674,0.17069708207808576,1.173221757322176,0.15919218566183035,1.0140295716603456,0.45355648535564863,0.19566147374425147,0.25789501161139716,-0.2803347280334728
2026-01-30,SOFI,22.81,2.939550949913644,True,True,32.73,-0.3030858539566147,True,-0.0854888206926786,-0.0019509516308511277,-0.08353786906182747,-0.19377466023673817,-0.008078384901079594,-0.18569627533565858,-0.19508987286277946,0.028498345303987316,-0.22358821816676677,-0.27838667251205607,0.06786421376649265,-0.3462508862785487,,,,-0.3454625164401578
2026-04-28,SOFI,18.36,2.090909090909091,True,True,32.73,-0.43904674610449124,False,-0.12745098039215685,0.01697368236170238,-0.14442466275385923,-0.1192810457516339,0.05447596565920554,-0.17375701141083943,-0.10348583877995632,0.03827509168317644,-0.14176093046313276,,,,,,,-0.18736383442265792
2018-10-24,TDOC,62.15,2.4148351648351647,True,True,89.046,-0.30204613345911113,True,0.11568785197103781,0.0200135685210312,0.09567428345000661,-0.11633145615446494,-0.001130710085934017,-0.11520074606853092,-0.031858407079645934,-0.007198854213779415,-0.02465955286586652,-0.1697506033789219,0.09309513040856321,-0.2628457337874851,0.08736926790024135,0.13025780189959302,-0.04288853399935166,-0.3229283990345937
2019-01-23,TDOC,60.17,2.682374541003672,True,True,89.046,-0.3242818318621836,False,0.03157719793917235,0.015830834060969412,0.01574636387820294,0.13428618913079604,0.05318704680915687,0.08109914232163917,-0.14242978228352998,0.10102122166964023,-0.2434510039531702,0.15007478810038233,0.1380737253710942,0.012001062729288137,0.6328735250124646,0.25773508978398696,0.3751384352284777,-0.19278710320757853
2019-04-18,TDOC,51.6,3.631956912028725,True,True,89.046,-0.42052422343507856,False,0.1191860465116279,0.011688849044893646,0.10749719746673425,0.15174418604651163,-0.01441279911730231,0.16615698516381394,0.3410852713178294,0.033652851527480765,0.30743241979034863,0.31414728682170545,0.004310047582925414,0.30983723923878004,2.376937984496124,-0.03765257568443536,2.4145905601805593,0.002131782945736349
2020-11-10,TDOC,172.44,4.825675675675675,True,True,253.0,-0.31841897233201577,False,0.04001391788448161,0.01858547056829729,0.021428447316184318,0.11505451171421943,0.036182352276578955,0.07887215943764048,0.7080723729993041,0.10301095921364811,0.605061413785656,-0.08959638135003478,0.17430233871878875,-0.26389872006882353,-0.15193690559035022,0.32451135464919223,-0.47644826023954245,0.0070169334261191985
2021-03-03,TDOC,203.19,4.270817120622568,True,True,308.0,-0.3402922077922078,True,-0.0922289482750136,0.021393739185150196,-0.1136226874601638,-0.10551700378955653,0.039090766084631134,-0.14460776987418766,-0.2666961956789212,0.09928687536049496,-0.3659830710394162,-0.2885968797677051,0.17261811126841797,-0.46121499103612307,-0.6264087799596436,0.14474857112893913,-0.7711573510885827,-0.3614843250159948
2021-05-27,TDOC,149.0,1.9388560157790926,True,True,308.0,-0.5162337662337662,False,-0.016308724832214794,0.007894297502921699,-0.024203022335136493,0.10805369127516773,0.017458083903741928,0.0905956073714258,-0.0298657718120805,0.06670800639175734,-0.09657377820383783,-0.08731543624161064,0.11922535715137483,-0.20654079339298548,-0.7928187919463088,-0.06057859715232905,-0.7322401947939797,-0.10570469798657722
2020-03-25,TGT,91.04,0.7132103876552505,True,True,130.24,-0.30098280098280095,False,0.04646309314586983,-0.0025932979456216865,0.049056391091491514,0.14081722319859402,0.13083998541269892,0.009977237785895099,0.32425307557117744,0.25061793427610524,0.0736351412950722,0.6374121265377855,0.3783783783783785,0.25903374815940694,1.0751318101933212,0.5782649215932574,0.4968668886000638,-0.009556239015817258
2022-05-18,TGT,161.61,1.2420921198668151,True,True,268.98,-0.3991746598260093,False,-0.03211434935956947,0.014061144286224625,-0.0461754936457941,-0.11583441618711732,-0.06433420099014964,-0.05150021519696768,0.07289152898954265,0.09442147705813309,-0.021529948068590432,6.187735907436931e-05,-0.02516204767008634,0.02522392502916071,-0.004022028339830452,0.05963864645536665,-0.0636606747951971,-0.1512901429366995
2019-10-21,TWLO,105.54,1.2093364036005863,True,True,151.0,-0.30105960264900655,False,0.00814856926283869,0.011033701123370765,-0.0028851318605320753,-0.03676331248815623,0.04010133671122351,-0.07686464919937974,0.13303013075611125,0.10310343678122602,0.029926693974885232,-0.06395679363274587,-0.05400180006000199,-0.009954993572743875,2.093329543301118,0.15767192239741323,1.9356576209037049,-0.14904301686564336
2021-03-26,TWLO,319.79,6.603185924869234,True,True,457.3,-0.30069975945768634,True,0.0895587729447449,0.026213445123490997,0.0633453278212539,0.2529472466306013,0.0546239709076215,0.1983232757229798,0.18055598986835086,0.06851356129097419,0.11204242857737667,0.08133462584821283,0.1292742057679681,-0.04793957991975528,-0.49591919697301357,0.12076367493307738,-0.616682871906091,-0.13818443353450705
2021-09-29,TWLO,312.8,2.6490900606626226,True,True,457.3,-0.3159851301115242,False,0.01304347826086949,0.001035792381171463,0.012007685879698027,0.10505115089514061,0.044861318908965275,0.060189831986175335,-0.14587595907928386,0.08320865462078508,-0.22908461370006894,-0.4784526854219949,0.034848659224306466,-0.5133013446463014,-0.7758631713554988,-0.1635861433997008,-0.612277027955798,-0.2487212276214834
2021-12-23,TWLO,267.17,2.5344622304537636,True,True,457.3,-0.4157664552809971,False,-0.014335441853501663,0.009264768380790489,-0.02360021023429215,-0.2607702960661752,-0.06536336591585223,-0.19540693015032295,-0.3893775498746117,-0.04464513387165325,-0.34473241600295845,-0.7053187109331138,-0.22088822779430528,-0.48443048313880854,-0.8244189093086799,-0.17928176795580109,-0.6451371413528788,-0.5394318224351538
2024-12-13,UBER,59.93,0.6343059721843467,True,True,87.0,-0.31114942528735634,True,0.01334890705823466,-0.02161500140679573,0.03496390846503039,0.11830468880360412,-0.01891726386521253,0.13722195266881665,0.19389287502085772,-0.06851922344880101,0.26241209846965874,0.4415151009511096,-0.0018702106883368153,0.4433853116394464,0.3659269147338562,0.1266447096208272,0.239282205113029,-0.01001168029367594
2026-02-11,UBER,71.01,1.0946902654867259,True,True,101.99,-0.30375527012452197,False,0.02717927052527802,-0.010809873403086923,0.037989143928364943,0.027601746232924773,-0.03742990924330902,0.0650316554762338,0.06252640473172799,0.0659864732065436,-0.003460068474815614,-0.039853541754682364,0.11247759986126349,-0.15233114161594585,,,,-0.03591043514997905
2023-12-19,UPST,47.31,0.6053613844587717,True,True,72.58,-0.3481675392670157,False,-0.008243500317057673,0.0035169741386573694,-0.011760474455715042,-0.30902557598816327,0.015984331564316445,-0.3250099075524797,-0.48974846755442825,0.08006907589925039,-0.5698175434536786,-0.4719932361023039,0.14008929323561636,-0.6120825293379203,0.7541745931092789,0.2726181450593883,0.4815564480498906,-0.517860917353625
2025-05-16,UPST,48.08,0.7171428571428571,True,True,96.429,-0.5013948086156654,False,-0.05865224625623966,-0.025395489734096333,-0.03325675652214333,0.1451747088186357,0.014271289128239495,0.1309034196903962,0.38997504159733776,0.08530797711208327,0.3046670644852545,-0.21537021630615638,0.1280881857960281,-0.3434584021021845,-0.3862312811980033,0.24397509256142702,-0.6302063737594303,-0.09983361064891838
2025-08-13,UPST,66.83,1.0709637434149362,True,True,96.429,-0.30695122836491096,False,-0.04414185246146929,-0.010513420893485614,-0.033628431567983674,-0.0694298967529553,0.01975530710663831,-0.08918520385959361,-0.43550800538680234,0.039417575090325396,-0.47492558047712774,-0.4325901541224001,0.06404192963141009,-0.4966320837538102,-0.5645668113122848,0.19786320147622072,-0.7624300127885055,-0.4361813556785874
2025-11-07,UPST,38.6,0.8893783651492904,True,True,96.429,-0.5997054827904469,False,0.0031088082901553626,0.0014307644156965615,0.001678043874458801,0.21528497409326408,0.018868205731999987,0.1964167683612641,-0.10310880829015556,0.00991102433789881,-0.11301983262805437,-0.16891191709844566,0.07010745636913707,-0.23901937346758273,,,,-0.11321243523316071
2020-03-06,VFC,70.13,0.40498003618129097,True,True,100.25,-0.30044887780548635,True,-0.15100527591615565,-0.09460095475021846,-0.05640432116593719,-0.30300869813204045,-0.16563571572648417,-0.1373729824055563,-0.1537145301582774,0.035702279298056805,-0.1894168094563342,-0.08655354341936394,0.16845962482350574,-0.2550131682428697,0.10794239269927286,0.26638875815235674,-0.15844636545308388,-0.35733637530300866
2017-11-08,W,57.85,1.224144559784698,True,True,84.19,-0.312863760541632,True,0.0968020743301643,-0.010304503878661664,0.10710657820882596,0.29507346585998273,0.019142449152869334,0.2759310167071134,0.5901469317199652,0.038670834780595076,0.5514760969393702,0.31668107173725146,0.013546370267453867,0.3031347014697976,0.6162489196197061,0.06178842962448372,0.5544604899952223,-0.043560933448573924
2018-03-22,W,69.27,1.149906890130354,True,True,100.14,-0.30826842420611145,True,-0.025119099177132842,-0.0019721621724125837,-0.02314693700472026,0.00923920889273866,0.011150301513255245,-0.0019110926205165857,0.643135556517973,0.04888686615845561,0.5942486903595174,1.158221452288148,0.09652216786134171,1.0616992844268063,1.4739425436696987,0.0798725679827057,1.394069975686993,-0.12617294644146093
2018-10-29,W,102.6,1.3788546255506606,True,True,151.199,-0.32142408349261575,True,-0.054191033138401457,0.036117638141438535,-0.09030867127983999,-0.10721247563352831,0.017206094140832073,-0.12441856977436039,0.018226120857699923,-0.0003789888577276912,0.018605109715427615,0.4819688109161795,0.10751913893731535,0.37444967197886414,0.06539961013645224,0.14947320548775855,-0.08407359535130632,-0.253411306042885
2019-01-28,W,104.47,1.3036383682469679,True,True,151.199,-0.3090562768272278,False,0.08748923135828468,0.03108886866848648,0.0564003626897982,0.5651383172202546,0.058993023961176894,0.5061452932590778,0.4554417536134776,0.10793903548680639,0.3475027181266712,0.391595673399062,0.1266681831968457,0.2649274902022163,0.02172872595003339,0.24647406733393984,-0.22474534138390645,-0.016942662965444555
2019-08-14,W,112.06,1.9350445259298064,True,True,173.718,-0.3549315557397621,False,0.02703908620381945,0.03011623811201125,-0.0030771519081917997,0.19427092628948794,0.06125396266290961,0.13301696362657833,-0.2520078529359273,0.08552307150405092,-0.33753092443997823,-0.12430840621095851,0.1724550898203594,-0.2967634960313179,1.758611458147421,0.1722437477985208,1.5863677103489002,-0.2902909155809388
2019-11-07,W,83.82,1.5782836050446014,True,True,173.718,-0.5174938693745035,False,-0.007993319016940892,0.004445453955480572,-0.012438772972421464,0.013719875924600444,0.021708092673113022,-0.007988216748512578,0.170722977809592,0.08008306833668644,0.09063990947290557,0.4614650441422097,-0.08238691673697185,0.5438519608791815,2.222977809591983,0.11473814004802385,2.108239669543959,-0.06215700310188488
2020-11-09,W,235.33,2.9052439429140393,True,True,349.082,-0.3258603995622804,True,0.0003399481579058339,0.02259138086642598,-0.022251432708520147,0.03811668720520123,0.04402639891696758,-0.005909711711766352,0.22933752602728075,0.09349616425992768,0.13584136176735306,0.16466238898567953,0.1722134476534296,-0.007551058667750077,0.04627544299494324,0.32144065884476536,-0.2751652158498221,-0.06051077210725364
2021-02-24,W,258.13,2.4906017579445567,True,True,369.0,-0.3004607046070461,True,0.1449269747801496,-0.02641856191132541,0.171345536691475,0.2655638631697208,-0.010848201751027409,0.2764120649207482,0.20051911827373803,0.06000969956862434,0.1405094187051137,0.1613528067252934,0.14089899686040286,0.020453809864890538,-0.5037771665439894,0.10837991678791137,-0.6121570833319008,-0.013458334947507034
2021-07-30,W,241.36,1.2007841706939,True,True,369.0,-0.3459078590785908,False,0.09305601590984414,0.00907618982463343,0.08397982608521071,0.20616506463374207,0.026772479532964022,0.17939258510077805,-0.02581206496519728,0.0388588629677773,-0.06467092793297458,-0.3872224063639377,0.01879090556657781,-0.4060133119305155,-0.7820268478621147,-0.07397778841987634,-0.7080490594422384,-0.07606894265826991
2021-10-25,W,235.13,0.961378044711378,True,True,369.0,-0.36279132791327917,False,0.07395908646280791,0.009856217758753116,0.0641028687040548,0.09951941479181725,0.026385687630336996,0.07313372716148026,-0.37098626291838555,-0.019317308747667683,-0.35166895417071786,-0.5661974227023349,-0.038590714520908787,-0.5276067081814261,-0.858844043720495,-0.17837778509494018,-0.6804662586255549,-0.3756645260068897
2026-03-02,W,73.77,0.9246021393164623,True,True,119.98,-0.3851475245874313,True,0.026433509556730517,-0.011815612343016979,0.038249121899747496,-0.05720482580994979,-0.07927095777849003,0.022066131968540237,-0.0082689440151823,0.09335936361782116,-0.10162830763300346,0.37616917446116305,0.11559194615227719,0.26057722830888586,,,,-0.24630608648502095
2026-05-27,W,73.16,1.0725212464589235,True,True,119.98,-0.39023170528421414,False,-0.051667577911427065,0.005036910694773855,-0.05670448860620092,0.27829414980863865,-0.021533459478186856,0.2998276092868255,0.38764352104975397,0.02033419502705014,0.36730932602270383,,,,,,,-0.08761618370694368
2021-03-26,WBD,41.9,0.9273229070837168,True,True,78.14,-0.4637829536728948,True,-0.006205250596658662,0.026213445123490997,-0.03241869572014966,-0.07279236276849632,0.0546239709076215,-0.12741633367611782,-0.29618138424821006,0.06851356129097419,-0.36469494553918425,-0.35584725536992845,0.1292742057679681,-0.48512146113789656,-0.36467780429594265,0.12076367493307738,-0.48544147922902003,-0.31050119331742243
2018-08-15,WYNN,138.17,0.49907779103829863,True,True,203.63,-0.321465402936699,False,0.04979373235868878,0.015579530129888663,0.03421420222880012,-0.021640008684953194,0.03211725459578396,-0.053757263280737155,-0.2833466020120141,-0.004542550926254441,-0.2788040510857597,-0.08171093580372002,-0.04130882248562706,-0.04040211331809296,-0.2449156835782007,0.007523599971609007,-0.2524392835498097,-0.33053484837518987
2021-05-13,ZS,160.92,4.488403819918144,True,True,230.881,-0.30301757182271394,False,0.06096196868008952,0.012186799259042536,0.04877516942104698,0.29126273924931656,0.03419615872087367,0.2570665805284429,0.522744220730798,0.07762991128010155,0.4451143094506964,1.0250434998757147,0.1258165155503559,0.8992269843253589,-0.06605766840666172,-0.02727405674173733,-0.03878361166492439,-0.0013671389510315768
2022-01-05,ZS,262.33,5.022268135904499,True,True,376.11,-0.30251788040732774,True,0.04440971295696272,0.005636449037106583,0.03877326391985614,-0.06598559066824217,-0.046500704556129535,-0.01948488611211263,-0.061449319559333526,-0.03300738716426832,-0.028441932395065206,-0.40933175770975494,-0.18796703531320724,-0.2213647223965477,-0.5746197537452826,-0.1806652717878645,-0.3939544819574181,-0.2909693896999962
2022-04-01,ZS,246.21,2.550764349581771,True,True,376.11,-0.3453776820610992,False,-0.07887575646805578,-0.01181224057228658,-0.0670635158957692,-0.1542585597660534,-0.084871500485737,-0.06938705928031641,-0.3706591933715122,-0.16024905060496342,-0.2104101427665488,-0.3554689086552131,-0.1876048750331185,-0.16786403362209457,-0.5254863734210633,-0.09610968824516475,-0.42937668517589855,-0.4918159294910849
2022-06-29,ZS,154.95,1.0217901878914404,True,True,376.11,-0.5880194623913217,False,0.08054211035818026,0.022742809065573022,0.05779930129260724,-0.012197483059051217,0.0676499973707736,-0.07984748042982481,0.024136818328493126,-0.03257611610664135,0.05671293443513448,-0.27544369151339143,-0.0008413524741021083,-0.2746023390392893,-0.06995805098418828,0.14736814429194944,-0.21732619527613772,-0.0918360761535979
2025-12-15,ZS,230.31,0.9267966200953734,True,True,336.99,-0.31656725718864065,True,0.007555034518692327,0.006022945955077574,0.001532088563614753,-0.06964526073553035,0.014146577938389582,-0.08379183867391993,-0.3323780990838435,-0.02708856668576387,-0.30528953239807965,-0.45360600929182404,0.08273471126584697,-0.536340720557671,,,,-0.38969215405323254
