AAMI	Acadian Asset Management Inc.	Financials	Asset Management & Custody Banks	Boston, Massachusetts	view	0001748824
AAP	Advance Auto Parts, Inc.	Consumer Discretionary	Automotive Retail	Raleigh, North Carolina	view	0001158449
AAT	American Assets Trust	Real Estate	Diversified REITs	San Diego, California	view	0001500217
ABCB	Ameris Bancorp	Financials	Regional Banks	Atlanta, Georgia	view	0000351569
ABG	Asbury Automotive Group	Consumer Discretionary	Automotive Retail	Duluth, Georgia	view	0001144980
ABM	ABM Industries, Inc.	Industrials	Environmental & Facilities Services	New York City, New York	view	0000771497
ABR	Arbor Realty Trust	Financials	Mortgage REITs	Uniondale, New York	view	0001253986
ACA	Arcosa, Inc.	Industrials	Construction & Engineering	Dallas, Texas	view	0001739445
ACAD	Acadia Pharmaceuticals	Health Care	Pharmaceuticals	San Diego, California	view	0001070494
ACHC	Acadia Healthcare	Health Care	Health Care Facilities	Franklin, Tennessee	view	0001520697
ACIW	ACI Worldwide	Information Technology	Application Software	Miami, Florida	view	0000935036
ACLS	Axcelis Technologies, Inc.	Information Technology	Semiconductor Materials & Equipment	Beverly, Massachusetts	view	0001113232
ACMR	ACM Research, Inc.	Information Technology	Semiconductor Materials & Equipment	Fremont, California	view	0001680062
ACT	Enact Holdings, Inc.	Financials	Commercial & Residential Mortgage Finance	Raleigh, North Carolina	view	0001823529
ADAM	Adamas Trust, Inc.	Real Estate	Mortgage REITs	New York City, New York	view	0001273685
ADEA	Adeia, Inc.	Information Technology	IT Consulting & Other Services	San Jose, California	view	0001803696
ADIG	ADI Global Distribution	Information Technology	Electronic Equipment & Instruments	Melville, New York	view	0002105139
ADMA	ADMA Biologics, Inc.	Health Care	Biotechnology	Ramsey, New Jersey	view	0001368514
ADNT	Adient	Consumer Discretionary	Automotive Parts & Equipment	Plymouth, Michigan	view	0001670541
ADT	ADT Inc.	Consumer Discretionary	Specialized Consumer Services	Boca Raton, Florida	view	0001703056
ADUS	Addus HomeCare Corp.	Health Care	Health Care Services	Frisco, Texas	view	0001468328
AEO	American Eagle Outfitters	Consumer Discretionary	Apparel Retail	Pittsburgh, Pennsylvania	view	0000919012
AESI	Atlas Energy Solutions, Inc.	Energy	Oil & Gas Equipment & Services	Austin, Texas	view	0001984060
AGNT	eXp World Holdings, Inc.	Real Estate	Real Estate Services	Bellingham, Washington	view	0001495932
AGO	Assured Guaranty Ltd.	Financials	Property & Casualty Insurance	Hamilton, Bermuda	view	0001273813
AGX	Argan, Inc.	Industrials	Construction & Engineering	Arlington County, Virginia	view	0000100591
AGYS	Agilysys, Inc.	Information Technology	Application Software	Alpharetta, Georgia	view	0000078749
AHCO	AdaptHealth Corp.	Health Care	Health Care Equipment	Plymouth Meeting, Pennsylvania	view	0001725255
AIN	Albany International Corp.	Industrials	Industrial Machinery & Supplies & Components	Rochester, New Hampshire	view	0000819793
AIR	AAR Corp.	Industrials	Aerospace & Defense	Wood Dale, Illinois	view	0000001750
AKR	Acadia Realty Trust	Real Estate	Retail REITs	Rye, New York	view	0000899629
ALG	Alamo Group	Industrials	Construction Machinery & Heavy Transportation Equipment	Seguin, Texas	view	0000897077
ALGT	Allegiant Travel Company	Industrials	Passenger Airlines	Summerlin, Nevada	view	0001362468
ALHC	Alignment Healthcare, Inc.	Health Care	Health Care Services	Orange, California	view	0001832466
ALKS	Alkermes plc	Health Care	Pharmaceuticals	Dublin, Ireland	view	0001520262
ALRM	Alarm.Com, Inc.	Financials	Application Software	Tysons, Virginia	view	0001459200
AMN	Amn Healthcare Services, Inc.	Health Care	Health Care Services	Dallas, Texas	view	0001142750
AMPH	Amphstar Pharmaceuticals, Inc.	Health Care	Pharmaceuticals	Rancho Cucamonga, California	view	0001297184
AMR	Alpha Metallurgical Resources, Inc.	Materials	Steel	Bristol, Tennessee	view	0001704715
AMRX	Amneal Pharmaceuticals	Health Care	Pharmaceuticals	Bridgewater Township, New Jersey	view	0001723128
AMSF	Amerisafe, Inc.	Financials	Property & Casualty Insurance	DeRidder, Louisiana	view	0001018979
AMTM	Amentum	Industrials	Diversified Support Services	Chantilly, Virginia	view	0002011286
ANDE	The Andersons, Inc.	Consumer Staples	Food Distributors	Maumee, Ohio	view	0000821026
ANIP	ANI Pharmaceuticals, Inc.	Health Care	Pharmaceuticals	Baudette, Minnesota	view	0001023024
AORT	Artivion	Health Care	Health Care Equipment	Kennesaw, Georgia	view	0000784199
AOSL	Alpha and Omega Semiconductor, Ltd.	Information Technology	Semiconductors	Sunnyvale, California	view	0001387467
APAM	Artisan Partners Asset Management, Inc.	Financials	Asset Management & Custody Banks	Milwaukee, Wisconsin	view	0001517302
APLE	Apple Hospitality REIT, Inc.	Real Estate	Hotel & Resort REITs	Richmond, Virginia	view	0001418121
APOG	Apogee Enterprises, Inc.	Industrials	Building Products	Minneapolis, Minnesota	view	0000006845
ARCB	ArcBest Corp.	Industrials	Cargo Ground Transportation	Fort Smith, Arkansas	view	0000894405
ARLO	Arlo Technologies	Information Technology	Communications Equipment	San Jose, California	view	0001736946
AROC	Archrock, Inc.	Energy	Oil & Gas Equipment & Services	Houston, Texas	view	0001389050
ARR	Armour Residential REIT	Real Estate	Mortgage REITs	Vero Beach, Florida	view	0001428205
ASO	Academy Sports + Outdoors	Consumer Discretionary	Specialty Stores	Harris County, Texas	view	0001817358
ASTE	Astec Industries, Inc.	Industrials	Construction Machinery & Heavy Transportation Equipment	Chattanooga, Tennessee	view	0000792987
ASTH	Astrana Health, Inc.	Health Care	Health Care Facilities	Alhambra, California	view	0001083446
ATEN	A10 Networks, Inc.	Information Technology	Systems Software	San Jose, California	view	0001580808
ATMU	Atmus Filtration Technologies Inc.	Industrials	Industrial Machinery & Supplies & Components	Nashville, Tennessee	view	0001921963
AUB	Atlantic Union Bankshares, Corp.	Financials	Regional Banks	Richmond, Virginia	view	0000883948
AVA	Avista Corporation	Utilities	Multi-Utilities	Spokane, Washington	view	0000104918
AWI	Armstrong World Industries, Inc.	Industrials	Building Products	Lancaster, Pennsylvania	view	0000007431
AWR	American States Water Company	Utilities	Water Utilities	San Dimas, California	view	0001056903
AX	Axos Financial, Inc.	Financials	Regional Banks	Las Vegas, Nevada	view	0001299709
AZTA	Azenta, Inc.	Health Care	Life Sciences Tools & Services	Chelmsford, Massachusetts	view	0000933974
AZZ	AZZ, Inc.	Industrials	Heavy Electrical Equipment	Fort Worth, Texas	view	0000008947
BANC	Banc Of California, Inc.	Financials	Regional Banks	Santa Ana, California	view	0001169770
BANF	Bancfirst Corp	Financials	Regional Banks	Oklahoma City, Oklahoma	view	0000760498
BANR	Banner Corporation	Financials	Regional Banks	Walla Walla, Washington	view	0000946673
BBT	Beacon Financial Corp.	Financials	Regional Banks	Boston, Massachusetts	view	0001108134
BCC	Boise Cascade	Industrials	Building Products	Boise, Idaho	view	0001328581
BCPC	Balchem Corporation	Materials	Specialty Chemicals	Montvale, New Jersey	view	0000009326
BFAM	Bright Horizons Family Solutions Inc.	Consumer Discretionary	Specialized Consumer Services	Newton, Massachusetts	view	0001437578
BFH	Bread Financial Holdings, Inc.	Financials	Consumer Finance	Columbus, Ohio	view	0001101215
BFS	Saul Centers, Inc.	Real Estate	Retail REITs	Bethesda, Maryland	view	0000907254
BGC	BGC Group, Inc.	Financials	Investment Banking & Brokerage	New York City, New York	view	0001094831
BHE	Benchmark Electronics, Inc.	Information Technology	Electronic Manufacturing Services	Tempe, Arizona	view	0000863436
BJRI	BJ's Restaurants, Inc.	Consumer Discretionary	Restaurants	Huntington Beach, California	view	0001013488
BKE	The Buckle, Inc.	Consumer Discretionary	Apparel Retail	Kearney, Nebraska	view	0000885245
BKU	BankUnited, Inc.	Financials	Regional Banks	Miami Lakes, Florida	view	0001504008
BL	BlackLine Systems, Inc.	Information Technology	Application Software	Los Angeles, California	view	0001666134
BLFS	BioLife Solutions, Inc.	Health Care	Health Care Supplies	Bothell, Washington	view	0000834365
BLKB	Blackbaud	Information Technology	Application Software	Charleston, South Carolina	view	0001280058
BMI	Badger Meter, Inc.	Information Technology	Electronic Equipment & Instruments	Milwaukee, Wisconsin	view	0000009092
BNL	Broadstone Net Lease, Inc.	Real Estate	Industrial REITs	Victor, New York	view	0001424182
BOH	Bank of Hawaii	Financials	Regional Banks	Honolulu, Hawaii	view	0000046195
BOOT	Boot Barn Holdings, Inc.	Consumer Discretionary	Apparel Retail	Irvine, California	view	0001610250
BOX	Box, Inc.	Information Technology	Application Software	Redwood City, California	view	0001372612
BRC	Brady Corporation	Industrials	Commercial Printing	Milwaukee, Wisconsin	view	0000746598
BTU	Peabody Energy, Inc.	Energy	Coal & Consumable Fuels	St. Louis, Missouri	view	0001064728
BXMT	Blackstone Mortgage Trust, Inc.	Financials	Mortgage REITs	New York City, New York	view	0001061630
CACC	Credit Acceptance	Financials	Specialized Finance	Southfield, Michigan	view	0000885550
CAG	Conagra Brands	Consumer Staples	Packaged Foods & Meats	Chicago, Illinois	view	0000023217
CAKE	The Cheesecake Factory, Inc.	Consumer Discretionary	Restaurants	Calabasas, California	view	0000887596
CALM	Cal-Maine Foods, Inc.	Consumer Staples	Packaged Foods & Meats	Jackson, Mississippi	view	0000016160
CALX	Calix	Information Technology	Application Software	San Jose, California	view	0001406666
CALY	Callaway Golf Company	Consumer Discretionary	Leisure Products	Carlsbad, California	view	0000837465
CARG	CarGurus	Communication Services	Interactive Media & Services	Cambridge, Massachusetts	view	0001494259
CASH	Pathward Financial, Inc.	Financials	Regional Banks	Sioux Falls, South Dakota	view	0000907471
CATY	Cathay General Bancorp	Financials	Regional Banks	Los Angeles, California	view	0000861842
CBRL	Cracker Barrel	Consumer Discretionary	Restaurants	Lebanon, Tennessee	view	0001067294
CBU	Community Bank System, Inc.	Financials	Regional Banks	DeWitt, New York	view	0000723188
CC	Chemours	Materials	Diversified Chemicals	Wilmington, Delaware	view	0001627223
CCOI	Cogent Communications Holdings, Inc.	Communication Services	Alternative Carriers	Washington, D.C.	view	0001158324
CCS	Century Communities, Inc.	Consumer Discretionary	Homebuilding	Greenwood Village, Colorado	view	0001576940
CE	Celanese	Materials	Specialty Chemicals	Irving, Texas	view	0001306830
CENT	Central Garden & Pet Company	Consumer Staples	Household Products	Walnut Creek, California	view	0000887733
CENTA	Central Garden & Pet Company (Class A)	Consumer Staples	Household Products	Walnut Creek, California	view	0000887733
CENX	Century Aluminum Company	Materials	Aluminum	Chicago, Illinois	view	0000949157
CERT	Certara, Inc.	Health Care	Health Care Technology	Princeton, New Jersey	view	0001827090
CFFN	Capitol Federal Savings Bank	Financials	Regional Banks	Topeka, Kansas	view	0001490906
CHCO	City Holding Company	Financials	Regional Banks	Charleston, West Virginia	view	0000726854
CHEF	Chefs' Warehouse, Inc.	Consumer Staples	Food Distributors	Ridgefield, Connecticut	view	0001517175
CLSK	CleanSpark, Inc.	Information Technology	Internet Services & Infrastructure	Henderson, Nevada	view	0000827876
CNK	Cinemark Holdings, Inc.	Communication Services	Movies & Entertainment	Plano, Texas	view	0001385280
CNMD	CONMED Corporation	Health Care	Health Care Equipment	Largo, Florida	view	0000816956
CNR	Core Natural Resources, Inc.	Energy	Coal & Consumable Fuels	Cecil Township, Pennsylvania	view	0001710366
CNS	Cohen & Steers, Inc.	Financials	Asset Management & Custody Banks	New York City, New York	view	0001284812
CNXC	Concentrix	Industrials	Data Processing & Outsourced Services	Newark, California	view	0001803599
CNXN	PC Connection, Inc.	Information Technology	Technology Distributors	Merrimack, New Hampshire	view	0001050377
COCO	The Vita Coco Company	Consumer Staples	Soft Drinks & Non-alcoholic Beverages	New York City, New York	view	0001482981
COHU	Cohu, Inc.	Information Technology	Semiconductor Materials & Equipment	Poway, California	view	0000021535
COLL	Collegium Pharmaceutical, Inc.	Health Care	Pharmaceuticals	Stoughton, Massachusetts	view	0001267565
CON	Concentra Group Holdings Parent, Inc.	Health Care	Health Care Services	Mechanicsburg, Pennsylvania	view	0002014596
CORT	Corcept Therapeutics Incorporated	Health Care	Pharmaceuticals	Menlo Park, California	view	0001088856
COTY	Coty	Consumer Staples	Personal Care Products	New York City, New York	view	0001024305
CPB	The Campbell's Company	Consumer Staples	Packaged Foods & Meats	Camden, New Jersey	view	0000016732
CPF	Central Pacific Financial Corp.	Financials	Regional Banks	Honolulu, Hawaii	view	0000701347
CPK	Chesapeake Utilities Corp.	Utilities	Gas Utilities	Dover, Delaware	view	0000019745
CRC	California Resources Corporation	Energy	Oil & Gas Exploration & Production	Los Angeles, California	view	0001609253
CRGY	Crescent Energy Company	Energy	Oil & Gas Exploration & Production	Houston, Texas	view	0001866175
CRI	Carter's, Inc.	Consumer Discretionary	Apparel, Accessories & Luxury Goods	Atlanta, Georgia	view	0001060822
CRK	Comstock Resources, Inc.	Energy	Oil & Gas Exploration & Production	Frisco, Texas	view	0000023194
CRSR	Corsair Gaming	Information Technology	Technology Hardware, Storage & Peripherals	Milpitas, California	view	0001743759
CRVL	CorVel Corporation	Health Care	Health Care Services	Irvine, California	view	0000874866
CSR	Centerspace Trust	Real Estate	Multi-Family Residential REITs	Minot, North Dakota	view	0000798359
CSW	CSW Industrials, Inc.	Industrials	Industrial Conglomerates	Dallas, Texas	view	0001624794
CTS	CTS Corporation	Information Technology	Electronic Manufacturing Services	Lisle, Illinois	view	0000026058
CUBI	Customers Bancorp, Inc.	Financials	Regional Banks	Reading, Pennsylvania	view	0001488813
CURB	Curbline Properties Corp.	Real Estate	Retail REITs	New York City, New York	view	0002027317
CVBF	CVB Financial Corp.	Financials	Regional Banks	Ontario, California	view	0000354647
CVCO	Cavco Industries, Inc.	Consumer Discretionary	Homebuilding	Phoenix, Arizona	view	0000278166
CVI	CVR Energy, Inc.	Energy	Oil & Gas Refining & Marketing	Sugar Land, Texas	view	0001376139
CVSA	Covista Inc.	Consumer Discretionary	Education Services	Chicago, Illinois	view	0000730464
CWEN	Clearway Energy, Inc. (Class C)	Utilities	Renewable Electricity	Princeton, New Jersey	view	0001567683
CWEN.A	Clearway Energy, Inc. (Class A)	Utilities	Renewable Electricity	Princeton, New Jersey	view	0001567683
CWK	Cushman & Wakefield plc	Real Estate	Real Estate Services	Chicago, Illinois	view	0001628369
CWST	Casella Waste Systems, Inc.	Industrials	Environmental & Facilities Services	Rutland, Vermont	view	0000911177
CWT	California Water Service Group	Utilities	Water Utilities	San Jose, California	view	0001035201
CXM	Sprinklr, Inc.	Information Technology	Application Software	New York City, New York	view	0001569345
CXW	CoreCivic	Industrials	Diversified Support Services	Brentwood, Tennessee	view	0001070985
CZR	Caesars Entertainment	Consumer Discretionary	Casinos & Gaming	Reno, Nevada	view	0001590895
DAN	Dana Incorporated	Consumer Discretionary	Automotive Parts & Equipment	Maumee, Ohio	view	0000026780
DAVE	Dave, Inc.	Financials	Consumer Finance	Los Angeles, California	view	0001841408
DBD	Diebold Nixdorf	Information Technology	Electronic Equipment & Instruments	North Canton, Ohio	view	0000028823
DCH	Dauch Corporation	Consumer Discretionary	Automotive Parts & Equipment	Detroit, Michigan	view	0001062231
DCOM	Dime Community Bancshares, Inc.	Financials	Regional Banks	Hauppauge, New York	view	0000846617
DEA	Easterly Government Properties, Inc.	Real Estate	Office REITs	Washington, D.C.	view	0001622194
DEI	Douglas Emmett	Real Estate	Office REITs	Santa Monica, California	view	0001364250
DFH	Dream Finders Homes, Inc.	Consumer Discretionary	Homebuilding	Jacksonville, Florida	view	0001825088
DFIN	Donnelley Financial Solutions, Inc.	Financials	Financial Exchanges & Data	Chicago, Illinois	view	0001669811
DGII	Digi International Inc.	Information Technology	Communications Equipment	Hopkins, Minnesota	view	0000854775
DIOD	Diodes Incorporated	Information Technology	Semiconductors	Plano, Texas	view	0000029002
DLX	Deluxe Corporation	Industrials	Commercial Printing	Minneapolis, Minnesota	view	0000027996
DMC	Del Monte Corporation	Consumer Staples	Packaged Foods & Meats	Coral Gables, Florida	view	0001047340
DNOW	NOW Inc	Industrials	Trading Companies & Distributors	Houston, Texas	view	0001599617
DORM	Dorman Products, Inc.	Consumer Discretionary	Automotive Parts & Equipment	Colmar, Pennsylvania	view	0000868780
DRH	DiamondRock Hospitality Company	Real Estate	Hotel & Resort REITs	Bethesda, Maryland	view	0001298946
DV	DoubleVerify Holdings Inc.	Communication Services	Advertising	New York City, New York	view	0001819928
DXC	DXC Technology	Information Technology	IT Consulting & Other Services	Ashburn, Virginia	view	0001688568
DXPE	DXP Enterprises, Inc.	Industrials	Trading Companies & Distributors	Houston, Texas	view	0001020710
EAT	Brinker International, Inc.	Consumer Discretionary	Restaurants	Dallas, Texas	view	0000703351
EBC	Eastern Bankshares, Inc.	Financials	Regional Banks	Boston, Massachusetts	view	0001810546
ECG	Everus Construction Group, Inc.	Industrials	Construction & Engineering	Bismarck, North Dakota	view	0002015845
ECPG	Encore Capital Group, Inc.	Financials	Consumer Finance	San Diego, California	view	0001084961
EFC	Ellington Financial, Inc.	Financials	Specialized Finance	Greenwich, Connecticut	view	0001411342
EFOR	Everforth Inc.	Information Technology	IT Consulting & Other Services	Glen Allen, Virginia	view	0000890564
EGBN	Eagle Bancorp Inc	Financials	Regional Banks	Bethesda, Maryland	view	0001050441
EIG	Employers Holdings, Inc.	Financials	Property & Casualty Insurance	Henderson, Nevada	view	0001379041
EMN	Eastman Chemical Company	Materials	Specialty Chemicals	Kingsport, Tennessee	view	0000915389
ENOV	Enovis	Health Care	Health Care Equipment	Wilmington, Delaware	view	0001420800
ENPH	Enphase Energy	Information Technology	Semiconductor Materials & Equipment	Fremont, California	view	0001463101
ENR	Energizer	Consumer Staples	Household Products	St. Louis, Missouri	view	0001632790
ENVA	Enova International, Inc.	Financials	Consumer Finance	Chicago, Illinois	view	0001529864
EPAC	Enerpac Tool Group	Industrials	Industrial Machinery & Supplies & Components	Menomonee Falls, Wisconsin	view	0000006955
EPAM	EPAM Systems	Information Technology	IT Consulting & Other Services	Newtown, Pennsylvania	view	0001352010
EPC	Edgewell Personal Care	Consumer Staples	Household Products	Shelton, Connecticut	view	0001096752
EPRT	Essential Properties Realty Trust, Inc.	Real Estate	Diversified REITs	Princeton, New Jersey	view	0001728951
ESE	ESCO Technologies Inc.	Industrials	Industrial Machinery & Supplies & Components	St. Louis, Missouri	view	0000866706
ESI	Element Solutions	Materials	Specialty Chemicals	Fort Lauderdale, Florida	view	0001590714
ETSY	Etsy	Consumer Discretionary	Broadline Retail	New York City, New York	view	0001370637
EVTC	EVERTEC, Inc.	Financials	Transaction & Payment Processing Services	San Juan, Puerto Rico	view	0001559865
EXTR	Extreme Networks, Inc.	Information Technology	Communications Equipment	Morrisville, North Carolina	view	0001078271
EYE	National Vision Holdings	Consumer Discretionary	Specialty Stores	Duluth, Georgia	view	0001710155
EZPW	EZCORP, Inc.	Financials	Consumer Finance	Austin, Texas	view	0000876523
FA	First Advantage Corporation	Industrials	Human Resource & Employment Services	Atlanta, Georgia	view	0001210677
FBK	FB Financial Corp.	Financials	Regional Banks	Nashville, Tennessee	view	0001649749
FBNC	First Bancorp (Southern Pines NC)	Financials	Regional Banks	Southern Pines, North Carolina	view	0000811589
FBP	First BanCorp (Puerto Rico)	Financials	Regional Banks	San Juan, Puerto Rico	view	0001057706
FBRT	Franklin BSP Realty Trust, Inc.	Real Estate	Mortgage REITs	New York City, New York	view	0001562528
FCF	First Commonwealth Financial, Corp.	Financials	Regional Banks	Indiana, Pennsylvania	view	0000712537
FCPT	Four Corners Property Trust, Inc.	Real Estate	Other Specialized REITs	Mill Valley, California	view	0001650132
FELE	Franklin Electric	Industrials	Industrial Machinery & Supplies & Components	Fort Wayne, Indiana	view	0000038725
FFBC	First Financial Bancorp	Financials	Regional Banks	Cincinnati, Ohio	view	0000708955
FG	F&G Annuities & Life, Inc.	Financials	Life & Health Insurance	Des Moines, Iowa	view	0001934850
FHB	First Hawaiian, Inc.	Financials	Regional Banks	Honolulu, Hawaii	view	0000036377
FIBK	First Interstate BancSystem, Inc.	Financials	Regional Banks	Billings, Montana	view	0000860413
FIVN	Five9, Inc.	Information Technology	Application Software	San Ramon, California	view	0001288847
FIZZ	National Beverage Corp.	Consumer Staples	Soft Drinks & Non-alcoholic Beverages	Fort Lauderdale, Florida	view	0000069891
FLO	Flowers Foods	Consumer Staples	Packaged Foods & Meats	Thomasville, Georgia	view	0001128928
FMC	FMC Corporation	Materials	Fertilizers & Agricultural Chemicals	Philadelphia, Pennsylvania	view	0000037785
FORM	FormFactor, Inc.	Information Technology	Semiconductor Materials & Equipment	Livermore, California	view	0001039399
FOXF	Fox Factory	Consumer Discretionary	Automotive Parts & Equipment	Duluth, Georgia	view	0001424929
FRPT	Freshpet	Consumer Staples	Packaged Foods & Meats	Bedminster, New Jersey	view	0001611647
FSS	Federal Signal Corporation	Industrials	Construction Machinery & Heavy Transportation Equipment	Oak Brook, Illinois	view	0000277509
FTDR	Frontdoor, Inc.	Consumer Discretionary	Specialized Consumer Services	Memphis, Tennessee	view	0001727263
FTRE	Fortrea	Health Care	Biotechnology	Durham, North Carolina	view	0001965040
FUL	H.B. Fuller Company	Materials	Specialty Chemicals	Vadnais Heights, Minnesota	view	0000039368
FULT	Fulton Financial Corporation	Financials	Regional Banks	Lancaster, Pennsylvania	view	0000700564
FUN	Six Flags	Consumer Discretionary	Leisure Facilities	Charlotte, North Carolina	view	0001999001
GBX	The Greenbrier Companies, Inc.	Industrials	Construction Machinery & Heavy Transportation Equipment	Lake Oswego, Oregon	view	0000923120
GEO	GEO Group, Inc.	Industrials	Environmental & Facilities Services	Boca Raton, Florida	view	0000923796
GFF	Griffon Corporation	Industrials	Building Products	New York City, New York	view	0000050725
GIII	G-III Apparel Group, Ltd.	Consumer Discretionary	Apparel, Accessories & Luxury Goods	New York City, New York	view	0000821002
GKOS	Glaukos Corp.	Health Care	Health Care Equipment	San Clemente, California	view	0001192448
GNL	Global Net Lease, Inc.	Real Estate	Diversified REITs	New York City, New York	view	0001526113
GNW	Genworth Financial, Inc.	Financials	Multi-line Insurance	Henrico County, Virginia	view	0001276520
GO	Grocery Outlet	Consumer Staples	Food Retail	Emeryville, California	view	0001771515
GOLF	Acushnet Company	Consumer Discretionary	Leisure Products	Fairhaven, Massachusetts	view	0001672013
GPI	Group 1 Automotive, Inc.	Consumer Discretionary	Automotive Retail	Houston, Texas	view	0001031203
GPOR	Gulfport Energy Corporation	Energy	Oil & Gas Exploration & Production	Oklahoma City, Oklahoma	view	0000874499
GRBK	Green Brick Partners, Inc.	Consumer Discretionary	Homebuilding	Plano, Texas	view	0001373670
GSHD	Goosehead Insurance, Inc.	Financials	Insurance Brokers	Westlake, Texas	view	0001726978
GT	Goodyear Tire and Rubber Company	Consumer Discretionary	Tires & Rubber	Akron, Ohio	view	0000042582
GTES	Gates Corporation	Industrials	Industrial Machinery & Supplies & Components	Denver, Colorado	view	0001718512
GTM	ZoomInfo	Communication Services	Interactive Media & Services	Vancouver, Washington	view	0001794515
GTY	Getty Realty Corp.	Real Estate	Retail REITs	New York City, New York	view	0001052752
GVA	Granite Construction, Inc.	Industrials	Construction & Engineering	Watsonville, California	view	0000861459
HAFC	Hanmi Financial Corporation	Financials	Regional Banks	Los Angeles, California	view	0001109242
HASI	Hannon Armstrong Sustainable Infrastructure Capital, Inc.	Financials	Specialized Finance	Annapolis, Maryland	view	0001561894
HAYW	Hayward Holdings, Inc.	Industrials	Electrical Components & Equipment	Charlotte, North Carolina	view	0001834622
HCC	Warrior Met Coal, Inc.	Materials	Steel	Brookwood, Alabama	view	0001691303
HCI	HCI Group, Inc.	Financials	Property & Casualty Insurance	Tampa, Florida	view	0001400810
HCSG	Healthcare Services Group, Inc.	Industrials	Environmental & Facilities Services	Bensalem Township, Pennsylvania	view	0000731012
HE	Hawaiian Electric Industries, Inc.	Utilities	Electric Utilities	Honolulu, Hawaii	view	0000354707
HFWA	Heritage Financial Corporation	Financials	Regional Banks	Olympia, Washington	view	0001046025
HIW	Highwoods Properties	Real Estate	Office REITs	Raleigh, North Carolina	view	0000921082
HLIT	Harmonic Inc.	Information Technology	Communications Equipment	San Jose, California	view	0000851310
HLX	Helix Energy Solutions Group, Inc.	Energy	Oil & Gas Equipment & Services	Houston, Texas	view	0000866829
HMN	Horace Mann Educators Corporation	Financials	Multi-line Insurance	Springfield, Illinois	view	0000850141
HNI	HNI Corporation	Industrials	Office Services & Supplies	Muscatine, Iowa	view	0000048287
HOPE	Hope Bancorp, Inc.	Financials	Regional Banks	Los Angeles, California	view	0001128361
HP	Helmerich & Payne, Inc.	Energy	Oil & Gas Drilling	Tulsa, Oklahoma	view	0000046765
HRMY	Harmony Biosciences Holdings, Inc.	Health Care	Biotechnology	Plymouth Meeting, Pennsylvania	view	0001802665
HSTM	HealthStream, Inc.	Health Care	Health Care Technology	Nashville, Tennessee	view	0001095565
HTH	Hilltop Holdings Inc.	Financials	Regional Banks	Dallas, Texas	view	0001265131
HTLD	Heartland Express, Inc.	Industrials	Cargo Ground Transportation	North Liberty, Iowa	view	0000799233
HTO	H2O America	Utilities	Water Utilities	San Jose, California	view	0000766829
HUBG	Hub Group, Inc.	Industrials	Air Freight & Logistics	Oak Brook, Illinois	view	0000940942
HWKN	Hawkins, Inc.	Materials	Commodity Chemicals	Roseville, Minnesota	view	0000046250
HZO	MarineMax, Inc.	Consumer Discretionary	Specialty Stores	Clearwater, Florida	view	0001057060
IART	Integra Lifesciences Holdings	Health Care	Health Care Equipment	Princeton, New Jersey	view	0000917520
IBP	Installed Building Products, Inc.	Consumer Discretionary	Homebuilding	Columbus, Ohio	view	0001580905
ICHR	Ichor Holdings, Ltd.	Information Technology	Semiconductor Materials & Equipment	Fremont, California	view	0001652535
ICUI	ICU Medical	Health Care	Health Care Supplies	San Clemente, California	view	0000883984
IIPR	Innovative Industrial Properties, Inc.	Real Estate	Industrial REITs	Park City, Utah	view	0001677576
INDB	Independent Bank Corp.	Financials	Regional Banks	Rockland, Massachusetts	view	0000776901
INDV	Indivior	Health Care	Pharmaceuticals	Chesterfield County, Virginia	view	0001625297
INSP	Inspire Medical Systems, Inc.	Health Care	Health Care Equipment	Golden Valley, Minnesota	view	0001609550
INSW	International Seaways, Inc.	Energy	Oil & Gas Storage & Transportation	New York City, New York	view	0001679049
INVA	Innoviva, Inc.	Health Care	Pharmaceuticals	Burlingame, California	view	0001080014
INVX	Innovex International, Inc.	Energy	Oil & Gas Equipment & Services	Houston, Texas	view	0001042893
IOSP	Innospec, Inc.	Materials	Specialty Chemicals	Englewood, Colorado	view	0001054905
IPAR	Inter Parfums, Inc.	Consumer Staples	Household Products	New York City, New York	view	0000822663
IRDM	Iridium Communications	Communication Services	Alternative Carriers	McLean, Virginia	view	0001418819
ITGR	Integer Holdings Corporation	Health Care	Health Care Equipment	Plano, Texas	view	0001114483
ITRI	Itron, Inc.	Information Technology	Electronic Equipment & Instruments	Liberty Lake, Washington	view	0000780571
IVT	InvenTrust Properties	Real Estate	Retail REITs	Downers Grove, Illinois	view	0001307748
JBGS	JBG Smith	Real Estate	Office REITs	Bethesda, Maryland	view	0001689796
JBLU	JetBlue	Industrials	Passenger Airlines	Long Island City, New York	view	0001158463
JBSS	John B. Sanfilippo & Son, Inc.	Consumer Staples	Packaged Foods & Meats	Elgin, Illinois	view	0000880117
JBTM	JBT Marel Corporation	Industrials	Industrial Machinery & Supplies & Components	Chicago, Illinois	view	0001433660
JJSF	J&J Snack Foods Corp.	Consumer Staples	Packaged Foods & Meats	Pennsauken Township, New Jersey	view	0000785956
JOE	St. Joe Company	Real Estate	Real Estate Development	Panama City Beach, Florida	view	0000745308
JXN	Jackson Financial, Inc.	Financials	Life & Health Insurance	Lansing, Michigan	view	0001822993
KAI	Kadant Inc.	Industrials	Industrial Machinery & Supplies & Components	Westford, Massachusetts	view	0000886346
KALU	Kaiser Aluminum Corporation	Materials	Aluminum	Franklin, Tennessee	view	0000811596
KFY	Korn/Ferry International	Industrials	Human Resource & Employment Services	Los Angeles, California	view	0000056679
KGS	Kodiak Gas Services, Inc.	Energy	Oil & Gas Equipment & Services	The Woodlands, Texas	view	0001767042
KLIC	Kulicke and Soffa Industries, Inc.	Information Technology	Semiconductor Materials & Equipment	Serangoon, North-East Region, Singapore	view	0000056978
KMPR	Kemper Corporation	Financials	Multi-line Insurance	Chicago, Illinois	view	0000860748
KMT	Kennametal	Industrials	Industrial Machinery & Supplies & Components	Pittsburgh, Pennsylvania	view	0000055242
KMX	CarMax, Inc.	Consumer Discretionary	Automotive Retail	Richmond, Virginia	view	0001170010
KN	Knowles Corporation	Information Technology	Electronic Components	Itasca, Illinois	view	0001587523
KNTK	Kinetik Holdings, Inc.	Energy	Oil & Gas Storage & Transportation	Midland, Texas	view	0001692787
KOP	Koppers Holdings, Inc.	Materials	Commodity Chemicals	Pittsburgh, Pennsylvania	view	0001315257
KRMN	Karman Holdings	Industrials	Aerospace & Defense	Huntington Beach, California	view	0002040127
KSS	Kohl's Corp.	Consumer Discretionary	Broadline Retail	Menomonee Falls, Wisconsin	view	0000885639
KTB	Kontoor Brands	Consumer Discretionary	Apparel, Accessories & Luxury Goods	Greensboro, North Carolina	view	0001760965
KWR	Quaker Chemical Corporation	Materials	Specialty Chemicals	Conshohocken, Pennsylvania	view	0000081362
LAUR	Laureate Education, Inc.	Consumer Discretionary	Education Services	Miami, Florida	view	0000912766
LAZ	Lazard	Financials	Diversified Capital Markets	New York City, New York	view	0001311370
LBRT	Liberty Energy, Inc.	Energy	Oil & Gas Equipment & Services	Denver, Colorado	view	0001694028
LCII	LCI Industries	Consumer Discretionary	Automotive Parts & Equipment	Elkhart, Indiana	view	0000763744
LEG	Leggett & Platt	Consumer Discretionary	Home Furnishings	Carthage, Missouri	view	0000058492
LEU	Centrus Energy Corp.	Energy	Coal & Consumable Fuels	Bethesda, Maryland	view	0001065059
LFST	Lifestance Health	Health Care	Health Care Services	Scottsdale, Arizona	view	0001845257
LGIH	LGI Homes	Consumer Discretionary	Homebuilding	The Woodlands, Texas	view	0001580670
LIF	Life360	Information Technology	Application Software	San Mateo, California	view	0001581760
LGND	Ligand Pharmaceuticals, Inc.	Health Care	Biotechnology	San Diego, California	view	0000886163
LKFN	Lakeland Financial	Financials	Regional Banks	Warsaw, Indiana	view	0000721994
LKQ	LKQ Corporation	Consumer Discretionary	Distributors	Nashville, Tennessee	view	0001065696
LMAT	LeMaitre Vascular	Health Care	Health Care Equipment	Burlington, Massachusetts	view	0001158895
LNC	Lincoln Financial	Financials	Multi-line Insurance	Radnor, Pennsylvania	view	0000059558
LNN	Lindsay Corporation	Materials	Agricultural & Farm Machinery	Omaha, Nebraska	view	0000836157
LPG	Dorian LPG Ltd.	Energy	Oil & Gas Storage & Transportation	Stamford, Connecticut	view	0001596993
LQDA	Liquidia Corporation	Health Care	Pharmaceuticals	Morrisville, North Carolina	view	0001819576
LQDT	Liquidity Services, Inc.	Industrials	Diversified Support Services	Bethesda, Maryland	view	0001235468
LRN	Stride, Inc.	Consumer Discretionary	Education Services	Herndon, Virginia	view	0001157408
LTC	LTC Properties, Inc.	Real Estate	Health Care REITs	Westlake Village, California	view	0000887905
LTH	Life Time Group Holdings, Inc.	Consumer Discretionary	Leisure Facilities	Chanhassen, Minnesota	view	0001869198
LUMN	Lumen Technologies	Communication Services	Alternative Carriers	Monroe, Louisiana	view	0000018926
LW	Lamb Weston	Consumer Staples	Packaged Foods & Meats	Eagle, Idaho	view	0001679273
LXP	Lexington Realty Trust	Real Estate	Diversified REITs	New York City, New York	view	0000910108
LYFT	Lyft, Inc.	Industrials	Passenger Ground Transportation	San Francisco, California	view	0001759509
LZ	LegalZoom.com, Inc.	Industrials	Research & Consulting Services	Mountain View, California	view	0001286139
LZB	La-Z-Boy, Inc.	Consumer Discretionary	Home Furnishings	Monroe, Michigan	view	0000057131
MAC	Macerich	Real Estate	Retail REITs	Santa Monica, California	view	0000912242
MAN	ManpowerGroup	Industrials	Human Resource & Employment Services	Milwaukee, Wisconsin	view	0000871763
MARA	MARA Holdings, Inc.	Information Technology	Internet Services & Infrastructure	Fort Lauderdale, Florida	view	0001507605
MATW	Matthews International Corporation	Consumer Discretionary	Specialized Consumer Services	Pittsburgh, Pennsylvania	view	0000063296
MATX	Matson, Inc.	Industrials	Marine Transportation	Honolulu, Hawaii	view	0000003453
MBC	MasterBrand, Inc.	Industrials	Building Products	Jasper, Indiana	view	0001941365
MBGL	Mobility Global, Inc.	Industrials	Data Processing & Outsourced Services	New York City, New York	view	0002090312
MBIN	Merchants Bancorp	Financials	Regional Banks	Carmel, Indiana	view	0001629019
MC	Moelis & Company	Financials	Investment Banking & Brokerage	New York City, New York	view	0001596967
MCRI	Monarch Casino & Resort, Inc.	Consumer Discretionary	Casinos & Gaming	Reno, Nevada	view	0000907242
MCY	Mercury General	Financials	Property & Casualty Insurance	Los Angeles, California	view	0000064996
MD	Pediatrix Medical Group	Health Care	Health Care Services	Sunrise, Florida	view	0000893949
MDU	MDU Resources Group, Inc.	Utilities	Multi-Utilities	Bismarck, North Dakota	view	0000067716
MFP	Midera Food Processing, Inc.	Industrials	Industrial Machinery & Supplies & Components	Elgin, Illinois	view	0002088281
MGEE	MGE Energy, Inc.	Utilities	Electric Utilities	Madison, Wisconsin	view	0001161728
MGY	Magnolia Oil & Gas, Corp.	Energy	Oil & Gas Exploration & Production	Houston, Texas	view	0001698990
MHK	Mohawk Industries	Consumer Discretionary	Home Furnishings	Calhoun, Georgia	view	0000851968
MHO	M/I Homes, Inc.	Consumer Discretionary	Homebuilding	Columbus, Ohio	view	0000799292
MIR	Mirion Technologies, Inc.	Information Technology	Electronic Equipment & Instruments	Atlanta, Georgia	view	0001809987
MKTX	MarketAxess	Financials	Financial Exchanges & Data	New York City, New York	view	0001278021
MLKN	MillerKnoll, Inc.	Industrials	Office Services & Supplies	Zeeland, Michigan	view	0000066382
MMI	Marcus & Millichap, Inc.	Real Estate	Real Estate Services	Calabasas, California	view	0001578732
MMSI	Merit Medical Systems, Inc.	Health Care	Health Care Supplies	South Jordan, Utah	view	0000856982
MPT	Medical Properties Trust	Real Estate	Health Care REITs	Birmingham, Alabama	view	0001287865
MRCY	Mercury Systems	Industrials	Electrical Components & Equipment	Andover, Massachusetts	view	0001049521
MRP	Millrose Properties, Inc.	Real Estate	Single-Family Residential REITs	Chevy Chase, Maryland	view	0002017206
MRTN	Marten Transport, Ltd.	Industrials	Cargo Ground Transportation	Mondovi, Wisconsin	view	0000799167
MSEX	Middlesex Water Company	Utilities	Water Utilities	Iselin, New Jersey	view	0000066004
MSGS	Madison Square Garden Sports Corp.	Communication Services	Movies & Entertainment	New York City, New York	view	0001636519
MTCH	Match Group	Communication Services	Interactive Media & Services	Dallas, Texas	view	0000891103
MTH	Meritage Homes Corporation	Consumer Discretionary	Homebuilding	Scottsdale, Arizona	view	0000833079
MTRN	Materion Corp.	Materials	Diversified Metals & Mining	Mayfield Heights, Ohio	view	0001104657
MTUS	Metallus Inc	Materials	Steel	Canton, Ohio	view	0001598428
MTX	Minerals Technologies	Materials	Specialty Chemicals	New York City, New York	view	0000891014
MWA	Mueller Water Products	Industrials	Industrial Machinery & Supplies & Components	Atlanta, Georgia	view	0001350593
MXL	MaxLinear, Inc.	Information Technology	Semiconductors	Carlsbad, California	view	0001288469
MYRG	MYR Group, Inc.	Industrials	Construction & Engineering	Thornton, Colorado	view	0000700923
NABL	N-able, Inc.	Information Technology	Systems Software	Wilmington, Delaware	view	0001834488
NATL	NCR Atleos	Financials	Transaction & Payment Processing Services	Atlanta, Georgia	view	0001974138
NAVI	Navient	Financials	Consumer Finance	Wilmington, Delaware	view	0001593538
NBHC	National Bank Holdings Corporation	Financials	Regional Banks	Greenwood Village, Colorado	view	0001475841
NBTB	NBT Bancorp, Inc.	Financials	Regional Banks	Norwich, New York	view	0000790359
NE	Noble Corporation	Energy	Oil & Gas Drilling	Houston, Texas	view	0001895262
NEO	NeoGenomics Laboratories, Inc.	Health Care	Health Care Services	Fort Myers, Florida	view	0001077183
NEOG	Neogen	Health Care	Health Care Supplies	Lansing, Michigan	view	0000711377
NGVT	Ingevity, Corp.	Materials	Specialty Chemicals	North Charleston, South Carolina	view	0001653477
NHC	National Healthcare, Corp.	Health Care	Health Care Facilities	Murfreesboro, Tennessee	view	0001047335
NHI	National Health Investors, Inc.	Real Estate	Health Care REITs	Murfreesboro, Tennessee	view	0000877860
NIC	Nicolet Bankshares	Financials	Regional Banks	Murfreesboro, Tennessee	view	0001174850
NMIH	NMI Holdings, Inc.	Financials	Commercial & Residential Mortgage Finance	Emeryville, California	view	0001547903
NOG	Northern Oil and Gas, Inc.	Energy	Oil & Gas Exploration & Production	Minnetonka, Minnesota	view	0001104485
NPK	National Presto Industries, Inc.	Industrials	Aerospace & Defense	Eau Claire, Wisconsin	view	0000080172
NPO	EnPro Industries, Inc.	Industrials	Industrial Machinery & Supplies & Components	Charlotte, North Carolina	view	0001164863
NSIT	Insight Enterprises, Inc.	Industrials	Technology Distributors	Tempe, Arizona	view	0000932696
NSP	Insperity	Industrials	Human Resource & Employment Services	Houston, Texas	view	0001000753
NSSC	Napco Security Technologies	Information Technology	Electronic Equipment & Instruments	Amityville, New York	view	0000069633
NTCT	NETSCOUT Systems, Inc.	Information Technology	Communications Equipment	Westford, Massachusetts	view	0001078075
NTST	NETSTREIT Corp.	Real Estate	Retail REITs	Dallas, Texas	view	0001798100
NWBI	Northwest Bancshares, Inc.	Financials	Regional Banks	Warren, Pennsylvania	view	0001471265
NWL	Newell Brands	Consumer Discretionary	Housewares & Specialties	Atlanta, Georgia	view	0000814453
NWN	NW Natural	Utilities	Gas Utilities	Portland, Oregon	view	0001733998
NX	Quanex Building Products Corporation	Industrials	Building Products	Houston, Texas	view	0001423221
NXRT	NexPoint Residential Trust, Inc.	Real Estate	Multi-Family Residential REITs	Dallas, Texas	view	0001620393
OFG	OFG Bancorp	Financials	Regional Banks	San Juan, Puerto Rico	view	0001030469
OGN	Organon & Co.	Health Care	Pharmaceuticals	Jersey City, New Jersey	view	0001821825
OI	O-I Glass, Inc.	Materials	Metal, Glass & Plastic Containers	Perrysburg, Ohio	view	0000812074
OII	Oceaneering International, Inc.	Energy	Oil & Gas Equipment & Services	Houston, Texas	view	0000073756
OMCL	Omnicell	Health Care	Health Care Technology	Fort Worth, Texas	view	0000926326
OPLN	OPENLANE, Inc.	Industrials	Diversified Support Services	Carmel, Indiana	view	0001395942
OSIS	OSI Systems, Inc.	Information Technology	Electronic Equipment & Instruments	Hawthorne, California	view	0001039065
OSW	OneSpaWorld Holdings Limited	Consumer Discretionary	Leisure Facilities	Nassau, Bahamas	view	0001758488
OTTR	Otter Tail Corporation	Utilities	Electric Utilities	Fergus Falls, Minnesota	view	0001466593
OUT	Outfront Media	Real Estate	Other Specialized REITs	New York City, New York	view	0001579877
PAHC	Phibro Animal Health	Health Care	Pharmaceuticals	Teaneck, New Jersey	view	0001069899
PARR	Par Pacific Holdings, Inc.	Energy	Oil & Gas Refining & Marketing	Houston, Texas	view	0000821483
PAYC	Paycom	Industrials	Human Resource & Employment Services	Oklahoma City, Oklahoma	view	0001590955
PAYO	Payoneer Global Inc.	Financials	Transaction & Payment Processing Services	New York City, New York	view	0001845815
PATK	Patrick Industries, Inc.	Consumer Discretionary	Automotive Parts & Equipment	Elkhart, Indiana	view	0000076605
PBH	Prestige Consumer Healthcare	Health Care	Pharmaceuticals	Tarrytown, New York	view	0001295947
PBI	Pitney Bowes, Inc.	Industrials	Office Services & Supplies	Stamford, Connecticut	view	0000078814
PCRX	Pacira BioSciences, Inc.	Health Care	Pharmaceuticals	Tampa, Florida	view	0001396814
PDFS	PDF Solutions, Inc.	Information Technology	Semiconductor Materials & Equipment	Santa Clara, California	view	0001120914
PEB	Pebblebrook Hotel Trust	Real Estate	Hotel & Resort REITs	Bethesda, Maryland	view	0001474098
PECO	Phillips Edison & Company	Real Estate	Retail REITs	Cincinnati, Ohio	view	0001476204
PENG	Penguin Solutions, Inc.	Information Technology	Semiconductors	Milpitas, California	view	0001616533
PENN	Penn Entertainment	Consumer Discretionary	Casinos & Gaming	Wyomissing, Pennsylvania	view	0000921738
PFBC	Preferred Bank	Financials	Regional Banks	Los Angeles, California	view	0001492165
PFS	Provident Financial Services, Inc.	Financials	Regional Banks	Jersey City, New Jersey	view	0001178970
PGNY	Progyny, Inc.	Health Care	Health Care Services	New York City, New York	view	0001551306
PHIN	PHINIA, Inc.	Consumer Discretionary	Automotive Retail	Auburn Hills, Michigan	view	0001968915
PI	Impinj, Inc.	Information Technology	Electronic Equipment & Instruments	Seattle, Washington	view	0001114995
PIPR	Piper Sandler Companies	Financials	Investment Banking & Brokerage	Minneapolis, Minnesota	view	0001230245
PJT	PJT Partners, Inc.	Financials	Investment Banking & Brokerage	New York City, New York	view	0001626115
PLAB	Photronics, Inc.	Information Technology	Semiconductor Materials & Equipment	Brookfield, Connecticut	view	0000810136
PLMR	Palomar Holdings, Inc.	Financials	Property & Casualty Insurance	La Jolla, California	view	0001761312
PLUS	ePlus, Inc.	Information Technology	Technology Distributors	Herndon, Virginia	view	0001022408
PLXS	Plexus Corp.	Information Technology	Electronic Manufacturing Services	Neenah, Wisconsin	view	0000785786
PMT	PennyMac Mortgage Investment Trust	Real Estate	Mortgage REITs	Westlake Village, California	view	0001464423
POOL	Pool Corporation	Consumer Discretionary	Distributors	Covington, Louisiana	view	0000945841
POWI	Power Integrations	Information Technology	Semiconductors	San Jose, California	view	0000833640
POWL	Powell Industries, Inc.	Industrials	Electrical Components & Equipment	Houston, Texas	view	0000080420
PPLI	People Inc.	Communication Services	Interactive Media & Services	New York City, New York	view	0001800227
PRDO	Perdoceo Education Corp.	Consumer Discretionary	Education Services	Schaumburg, Illinois	view	0001046568
PRG	PROG Holdings, Inc.	Financials	Consumer Finance	Draper, Utah	view	0001808834
PRGO	Perrigo	Health Care	Pharmaceuticals	Grand Rapids, Michigan	view	0001585364
PRGS	Progress Software Corporation	Information Technology	Systems Software	Burlington, Massachusetts	view	0000876167
PRIM	Primoris Services Corporation	Industrials	Construction & Engineering	Dallas, Texas	view	0001361538
PRKS	United Parks & Resorts	Consumer Discretionary	Leisure Facilities	Orlando, Florida	view	0001564902
PRLB	Protolabs	Industrials	Industrial Machinery & Supplies & Components	Maple Plain, Minnesota	view	0001443669
PRSU	Pursuit Attractions & Hospitality, Inc.	Consumer Discretionary	Hotels, Resorts & Cruise Lines	Scottsdale, Arizona	view	0000884219
PRVA	Privia Health Group, Inc.	Health Care	Health Care Services	Arlington County, Virginia	view	0001759655
PSMT	PriceSmart	Consumer Staples	Consumer Staples Merchandise Retail	San Diego, California	view	0001041803
PTCT	PTC Therapeutics, Inc.	Health Care	Pharmaceuticals	Warren Township, New Jersey	view	0001070081
PTEN	Patterson-UTI Energy, Inc.	Energy	Oil & Gas Drilling	Houston, Texas	view	0000889900
PTGX	Protagonist Therapeutics, Inc.	Health Care	Biotechnology	Newark, California	view	0001377121
PTON	Peloton Interactive, Inc.	Consumer Discretionary	Leisure Products	New York City, New York	view	0001639825
PZZA	Papa John's Pizza	Consumer Discretionary	Restaurants	Jeffersontown, Kentucky	view	0000901491
QDEL	QuidelOrtho	Health Care	Health Care Supplies	San Diego, California	view	0001906324
QNST	QuinStreet, Inc.	Communication Services	Interactive Media & Services	Foster City, California	view	0001117297
QRVO	Qorvo	Information Technology	Semiconductors	Greensboro, North Carolina	view	0001604778
QTWO	Q2 Holdings, Inc.	Information Technology	Application Software	Austin, Texas	view	0001410384
RAMP	LiveRamp Holdings, Inc.	Information Technology	Application Software	San Francisco, California	view	0000733269
RAL	Ralliant Corp	Information Technology	Electronic Equipment & Instruments	New York City, New York	view	0002041385
RCUS	Arcus Biosciences, Inc.	Health Care	Biotechnology	Hayward, California	view	0001724521
RDN	Radian Group, Inc.	Financials	Property & Casualty Insurance	Philadelphia, Pennsylvania	view	0000890926
RDNT	RadNet, Inc.	Health Care	Health Care Services	Los Angeles, California	view	0000790526
RELY	Remitly	Financials	Transaction & Payment Processing Services	Seattle, Washington	view	0001782170
RES	RPC, Inc.	Energy	Oil & Gas Equipment & Services	Atlanta, Georgia	view	0000742278
REYN	Reynolds Consumer Products	Consumer Staples	Household Products	Lake Forest, Illinois	view	0001786431
REX	REX American Resources Corporation	Energy	Oil & Gas Refining & Marketing	Dayton, Ohio	view	0000744187
REZI	Resideo Technologies, Inc.	Industrials	Trading Companies & Distributors	Scottsdale, Arizona	view	0001740332
RHI	Robert Half	Industrials	Human Resource & Employment Services	Menlo Park, California	view	0000315213
RHP	Ryman Hospitality Properties	Real Estate	Hotel & Resort REITs	Nashville, Tennessee	view	0001040829
RITM	Rithm Capital	Financials	Mortgage REITs	New York City, New York	view	0001556593
RNG	RingCentral, Inc.	Information Technology	Application Software	Belmont, California	view	0001384905
RNST	Renasant Corp.	Financials	Regional Banks	Tupelo, Mississippi	view	0000715072
ROAD	Construction Partners, Inc.	Industrials	Construction & Engineering	Dothan, Alabama	view	0001718227
ROCK	Gibraltar Industries, Inc.	Industrials	Building Products	Buffalo, New York	view	0000912562
ROG	Rogers Corporation	Information Technology	Electronic Components	Chandler, Arizona	view	0000084748
RRR	Red Rock Resorts, Inc.	Consumer Discretionary	Casinos & Gaming	Las Vegas, Nevada	view	0001653653
RSI	Rush Street Interactive, Inc.	Consumer Discretionary	Casinos & Gaming	Chicago, Illinois	view	0001793659
RUN	Sunrun	Industrials	Building Products	San Francisco, California	view	0001469367
RUSHA	Rush Enterprises	Industrials	Construction Machinery & Heavy Transportation Equipment	New Braunfels, Texas	view	0001012019
RXO	RXO, Inc.	Industrials	Cargo Ground Transportation	Charlotte, North Carolina	view	0001929561
SAFE	Safehold, Inc.	Real Estate	Other Specialized REITs	New York City, New York	view	0001095651
SABR	Sabre	Consumer Discretionary	Hotels, Resorts & Cruise Lines	Southlake, Texas	view	0001597033
SAFT	Safety Insurance Group, Inc.	Financials	Property & Casualty Insurance	Boston, Massachusetts	view	0001172052
SAH	Sonic Automotive, Inc.	Consumer Discretionary	Automotive Retail	Charlotte, North Carolina	view	0001043509
SBCF	Seacoast Banking Corporation of Florida	Financials	Regional Banks	Stuart, Florida	view	0000730708
SBH	Sally Beauty Holdings, Inc.	Consumer Discretionary	Specialty Stores	Denton, Texas	view	0001368458
SBSI	Southside Bancshares, Inc.	Financials	Regional Banks	Tyler, Texas	view	0000705432
SCHL	Scholastic Corporation	Consumer Discretionary	Publishing	New York City, New York	view	0000866729
SCL	Stepan Company	Materials	Specialty Chemicals	Northfield, Illinois	view	0000094049
SCSC	ScanSource, Inc.	Information Technology	Technology Distributors	Greenville, South Carolina	view	0000918965
SDGR	Schrödinger, Inc.	Health Care	Health Care Services	New York City, New York	view	0001490978
SEDG	SolarEdge	Information Technology	Semiconductor Materials & Equipment	Herzliya, Israel	view	0001419612
SEI	Solaris Energy Infrastructure, Inc.	Energy	Oil & Gas Equipment & Services	Houston, Texas	view	0001697500
SEZL	Sezzle	Financials	Transaction & Payment Processing Services	Minneapolis, Minnesota	view	0001662991
SFBS	ServisFirst Bancshares, Inc.	Financials	Regional Banks	Birmingham, Alabama	view	0001430723
SFNC	Simmons First National Corporation	Financials	Regional Banks	Little Rock, Arkansas	view	0000090498
SHAK	Shake Shack, Inc.	Consumer Discretionary	Restaurants	New York City, New York	view	0001620533
SHEN	Shenandoah Telecommunications Co	Communication Services	Wireless Telecommunication Services	Edinburg, Virginia	view	0000354963
SHO	Sunstone Hotel Investors, Inc.	Real Estate	Hotel & Resort REITs	Aliso Viejo, California	view	0001295810
SHOO	Steven Madden, Ltd.	Consumer Discretionary	Footwear	Long Island City, New York	view	0000913241
SIG	Signet Jewelers	Consumer Discretionary	Specialty Stores	Akron, Ohio	view	0000832988
SKT	Tanger Factory Outlet Centers, Inc.	Real Estate	Retail REITs	Greensboro, North Carolina	view	0000899715
SKY	Champion Homes, Inc.	Consumer Discretionary	Homebuilding	Troy, Michigan	view	0000090896
SKYW	SkyWest, Inc.	Industrials	Passenger Airlines	St. George, Utah	view	0000793733
SLG	SL Green Realty	Real Estate	Office REITs	New York City, New York	view	0001040971
SLVM	Sylvamo Corp.	Materials	Paper Products	Memphis, Tennessee	view	0001856485
SM	SM Energy Company	Energy	Oil & Gas Exploration & Production	Denver, Colorado	view	0000893538
SMP	Standard Motor Products, Inc.	Consumer Discretionary	Automotive Parts & Equipment	Long Island City, New York	view	0000093389
SMPL	Simply Good Foods Company	Consumer Staples	Packaged Foods & Meats	Denver, Colorado	view	0001702744
SNDR	Schneider National	Industrials	Cargo Ground Transportation	Green Bay, Wisconsin	view	0001692063
SNEX	StoneX Group Inc.	Financials	Investment Banking & Brokerage	New York City, New York	view	0000913760
SONO	Sonos, Inc.	Consumer Discretionary	Consumer Electronics	Santa Barbara, California	view	0001314727
SPHR	Sphere Entertainment	Communication Services	Movies & Entertainment	New York City, New York	view	0001795250
SPNT	SiriusPoint Ltd.	Financials	Reinsurance	New York City, New York	view	0001576018
SPSC	SPS Commerce, Inc.	Information Technology	Application Software	Minneapolis, Minnesota	view	0001092699
SRPT	Sarepta Therapeutics	Health Care	Biotechnology	Cambridge, Massachusetts	view	0000873303
STAA	STAAR Surgical Company	Health Care	Health Care Equipment	Monrovia, California	view	0000718937
STBA	S&T Bancorp, Inc.	Financials	Regional Banks	Indiana, Pennsylvania	view	0000719220
STC	Stewart Information Services Corporation	Financials	Property & Casualty Insurance	Houston, Texas	view	0000094344
STEP	StepStone Group	Financials	Asset Management & Custody Banks	New York City, New York	view	0001796022
STRA	Strategic Education, Inc.	Consumer Discretionary	Education Services	Herndon, Virginia	view	0001013934
SUPN	Supernus Pharmaceuticals, Inc.	Health Care	Pharmaceuticals	Rockville, Maryland	view	0001356576
SXI	Standex International Corporation	Industrials	Industrial Machinery & Supplies & Components	Salem, New Hampshire	view	0000310354
SXT	Sensient Technologies	Materials	Specialty Chemicals	Milwaukee, Wisconsin	view	0000310142
TALO	Talos Energy, Inc.	Energy	Oil & Gas Exploration & Production	Houston, Texas	view	0001724965
TBBK	The Bancorp, Inc.	Financials	Regional Banks	Wilmington, Delaware	view	0001295401
TDC	Teradata	Information Technology	IT Consulting & Other Services	San Diego, California	view	0000816761
TDS	Telephone and Data Systems, Inc.	Communication Services	Integrated Telecommunication Services	Chicago, Illinois	view	0001051512
TDW	Tidewater, Inc.	Energy	Oil & Gas Equipment & Services	Houston, Texas	view	0000098222
TFIN	Triumph Bancorp, Inc.	Financials	Regional Banks	Dallas, Texas	view	0001539638
TFX	Teleflex	Health Care	Health Care Equipment	Wayne, Pennsylvania	view	0000096943
TGTX	TG Therapeutics, Inc.	Health Care	Biotechnology	Morrisville, North Carolina	view	0001001316
THRM	Gentherm Incorporated	Consumer Discretionary	Automotive Parts & Equipment	Farmington Hills, Michigan	view	0000903129
TILE	Interface, Inc.	Industrials	Office Services & Supplies	Atlanta, Georgia	view	0000715787
TMDX	TransMedics Group, Inc.	Health Care	Health Care Equipment	Andover, Massachusetts	view	0001756262
TNC	Tennant Company	Industrials	Industrial Machinery & Supplies & Components	Eden Prairie, Minnesota	view	0000097134
TNDM	Tandem Diabetes Care	Health Care	Health Care Equipment	San Diego, California	view	0001438133
TPC	Tutor Perini Corporation	Industrials	Construction & Engineering	Los Angeles, California	view	0000077543
TR	Tootsie Roll Industries, Inc.	Consumer Staples	Packaged Foods & Meats	Chicago, Illinois	view	0000098677
TRIP	TripAdvisor	Communication Services	Interactive Media & Services	Needham, Massachusetts	view	0001526520
TRMK	Trustmark Corp.	Financials	Regional Banks	Jackson, Mississippi	view	0000036146
TRN	Trinity Industries, Inc.	Industrials	Construction Machinery & Heavy Transportation Equipment	Dallas, Texas	view	0000099780
TRNO	Terreno Realty Corporation	Real Estate	Industrial REITs	San Francisco, California	view	0001476150
TRST	TrustCo Bank Corp NY	Financials	Regional Banks	Glenville, New York	view	0000357301
TRUP	Trupanion	Financials	Life & Health Insurance	Seattle, Washington	view	0001371285
UA	Under Armour (Class C)	Consumer Discretionary	Apparel, Accessories & Luxury Goods	Baltimore, Maryland	view	0001336917
UAA	Under Armour (Class A)	Consumer Discretionary	Apparel, Accessories & Luxury Goods	Baltimore, Maryland	view	0001336917
UCB	United Community Banks, Inc.	Financials	Regional Banks	Greenville, South Carolina	view	0000857855
UCTT	Ultra Clean Holdings, Inc.	Information Technology	Semiconductor Materials & Equipment	Hayward, California	view	0001275014
UE	Urban Edge Properties	Real Estate	Retail REITs	Paramus, New Jersey	view	0001611547
UFCS	United Fire Group, Inc.	Financials	Property & Casualty Insurance	Cedar Rapids, Iowa	view	0000101199
UFPT	UFP Technologies, Inc.	Health Care	Health Care Equipment	Newburyport, Massachusetts	view	0000914156
UNF	UniFirst Corporation	Industrials	Diversified Support Services	Wilmington, Massachusetts	view	0000717954
UNFI	United Natural Foods Inc	Consumer Staples	Food Retail	Providence, Rhode Island	view	0001020859
UNIT	Uniti Group	Communication Services	Alternative Carriers	Little Rock, Arkansas	view	0002020795
UPBD	Upbound Group, Inc.	Consumer Discretionary	Computer & Electronics Retail	Plano, Texas	view	0000933036
UPWK	Upwork, Inc.	Industrials	Human Resource & Employment Services	Palo Alto, California	view	0001627475
URBN	Urban Outfitters, Inc.	Consumer Discretionary	Apparel Retail	Philadelphia, Pennsylvania	view	0000912615
USLM	United States Lime & Minerals, Inc.	Materials	Construction Materials	Dallas, Texas	view	0000082020
USPH	U.S. Physical Therapy, Inc.	Health Care	Health Care Facilities	Houston, Texas	view	0000885978
UTI	Universal Technical Institute	Consumer Discretionary	Education Services	Phoenix, Arizona	view	0001261654
UTL	Unitil Corporation	Utilities	Electric Utilities	Hampton, New Hampshire	view	0000755001
UVV	Universal Corporation	Consumer Staples	Tobacco	Richmond, Virginia	view	0000102037
VAC	Marriott Vacations Worldwide	Consumer Discretionary	Hotels, Resorts & Cruise Lines	Orlando, Florida	view	0001524358
VCEL	Vericel	Health Care	Biotechnology	Cambridge, Massachusetts	view	0000887359
VCTR	Victory Capital Holdings, Inc.	Financials	Asset Management & Custody Banks	San Antonio, Texas	view	0001570827
VCYT	Veracyte, Inc.	Health Care	Health Care Services	San Francisco, California	view	0001384101
VECO	Veeco Instruments Inc.	Information Technology	Semiconductor Materials & Equipment	Plainview, New York	view	0000103145
VGNT	Versigent PLC	Consumer Discretionary	Other Specialty Retail	Schaffhausen, Switzerland	view	0002078008
VIR	Vir Biotechnology, Inc.	Health Care	Biotechnology	San Francisco, California	view	0001706431
VIRT	Virtu Financial, Inc.	Financials	Financial Exchanges & Data	New York City, New York	view	0001592386
VRRM	Verra Mobility Corporation	Industrials	Data Processing & Outsourced Services	Mesa, Arizona	view	0001682745
VRTS	Virtus Investment Partners, Inc.	Financials	Asset Management & Custody Banks	Hartford, Connecticut	view	0000883237
VSAT	Viasat, Inc.	Information Technology	Communications Equipment	Carlsbad, California	view	0000797721
VSEC	VSE Corporation	Industrials	Aerospace & Defense	Miramar, Florida	view	0000102752
VSH	Vishay Intertechnology	Information Technology	Electronic Components	Malvern, Pennsylvania	view	0000103730
VSNT	Versant Media Group, Inc.	Communication Services	Cable & Satellite	Englewood Cliffs, New Jersey	view	0002067876
VSTS	Vestis	Industrials	Diversified Support Services	Roswell, Georgia	view	0001967649
VSXY	Victoria's Secret	Consumer Discretionary	Apparel Retail	Reynoldsburg, Ohio	view	0001856437
VTOL	Bristow Group Inc.	Energy	Oil & Gas Equipment & Services	Houston, Texas	view	0001525221
VVX	V2X, Inc.	Industrials	Aerospace & Defense	Reston, Virginia	view	0001601548
VYX	NCR Voyix	Information Technology	IT Consulting & Other Services	Atlanta, Georgia	view	0000070866
WABC	Westamerica Bank	Financials	Regional Banks	San Rafael, California	view	0000311094
WAFD	WaFd, Inc.	Financials	Regional Banks	Seattle, Washington	view	0000936528
WAY	Waystar Holding Corp	Health Care	Health Care Technology	Lehi, Utah	view	0001990354
WD	Walker & Dunlop, Inc.	Financials	Commercial & Residential Mortgage Finance	Bethesda, Maryland	view	0001497770
WDFC	WD-40 Company	Consumer Staples	Household Products	San Diego, California	view	0000105132
WEN	The Wendy's Company	Consumer Discretionary	Restaurants	Dublin, Ohio	view	0000030697
WERN	Werner Enterprises	Industrials	Cargo Ground Transportation	Omaha, Nebraska	view	0000793074
WGO	Winnebago Industries, Inc.	Consumer Discretionary	Automobile Manufacturers	Eden Prairie, Minnesota	view	0000107687
WHD	Cactus, Inc.	Energy	Oil & Gas Equipment & Services	Houston, Texas	view	0001699136
WINA	Winmark	Consumer Discretionary	Other Specialty Retail	Minneapolis, Minnesota	view	0000908315
WKC	World Kinect Corporation	Energy	Oil & Gas Refining & Marketing	Doral, Florida	view	0000789460
WLY	John Wiley & Sons	Communication Services	Publishing	Hoboken, New Jersey	view	0000107140
WOR	Worthington Enterprises	Industrials	Building Products	Columbus, Ohio	view	0000108516
WRBY	Warby Parker	Consumer Discretionary	Apparel, Accessories & Luxury Goods	New York City, New York	view	0001504776
WRLD	World Acceptance Corporation	Financials	Consumer Finance	Greenville, South Carolina	view	0000108385
WS	Worthington Steel	Materials	Steel	Columbus, Ohio	view	0001968487
WSBC	WesBanco	Financials	Regional Banks	Wheeling, West Virginia	view	0000203596
WSC	WillScot Holdings Corp.	Industrials	Office Services & Supplies	Phoenix, Arizona	view	0001647088
WSFS	WSFS Financial Corporation	Financials	Regional Banks	Wilmington, Delaware	view	0000828944
WT	WisdomTree Investments, Inc.	Financials	Asset Management & Custody Banks	New York City, New York	view	0000880631
WU	Western Union	Financials	Transaction & Payment Processing Services	Denver, Colorado	view	0001365135
WWW	Wolverine World Wide, Inc.	Consumer Discretionary	Footwear	Rockford, Michigan	view	0000110471
XHR	Xenia Hotels & Resorts, Inc.	Real Estate	Hotel & Resort REITs	Orlando, Florida	view	0001616000
XNCR	Xencor Inc	Health Care	Biotechnology	Pasadena, California	view	0001326732
XPEL	XPEL, Inc.	Consumer Discretionary	Automotive Parts & Equipment	San Antonio, Texas	view	0001767258
YELP	Yelp, Inc.	Communication Services	Interactive Media & Services	San Francisco, California	view	0001345016
YOU	Clear Secure, Inc.	Information Technology	Application Software	New York City, New York	view	0001856314
ZD	Ziff Davis	Communication Services	Advertising	New York City, New York	view	0001084048
ZWS	Zurn Elkay Water Solutions Corp.	Industrials	Industrial Machinery & Supplies & Components	Milwaukee, Wisconsin	view	0001439288